ts_code,trade_date,open,high,low,close,pre_close,change,pct_chg,vol,amount,source_file,stock_name,upper_channel,lower_channel,true_range,atr,trade_signal,signal_reason,target_position,entry_price,highest_close_since_entry,atr_stop,position,market_return,turnover,transaction_cost,strategy_return,strategy_equity,benchmark_equity,running_peak,drawdown,entry_window,exit_window,atr_period,atr_stop_multiple
600031.SH,2025-01-02,16.48,16.48,15.69,15.77,16.48,-0.71,-4.3083,853894.28,1368558.133,TASK2/三一重工行情数据.csv,三一重工,,,0.7900000000000009,,0,,0.0,,,,0.0,0.0,0.0,0.0,0.0,100000.0,100000.0,100000.0,0.0,20,10,20,2.0
600031.SH,2025-01-03,15.85,16.0,15.55,15.6,15.77,-0.17,-1.078,534033.71,842151.57,TASK2/三一重工行情数据.csv,三一重工,,,0.4499999999999993,,0,,0.0,,,,0.0,-0.010779961953075401,0.0,0.0,-0.0,100000.0,98922.00380469246,100000.0,0.0,20,10,20,2.0
600031.SH,2025-01-06,15.6,15.71,15.42,15.58,15.6,-0.02,-0.1282,454873.82,707452.833,TASK2/三一重工行情数据.csv,三一重工,,,0.2900000000000009,,0,,0.0,,,,0.0,-0.0012820512820512775,0.0,0.0,-0.0,100000.0,98795.18072289157,100000.0,0.0,20,10,20,2.0
600031.SH,2025-01-07,15.59,15.64,15.43,15.52,15.58,-0.06,-0.3851,393682.19,611079.078,TASK2/三一重工行情数据.csv,三一重工,,,0.21000000000000085,,0,,0.0,,,,0.0,-0.0038510911424903815,0.0,0.0,-0.0,100000.0,98414.71147748892,100000.0,0.0,20,10,20,2.0
600031.SH,2025-01-08,15.57,15.71,15.26,15.57,15.52,0.05,0.3222,573354.64,888892.453,TASK2/三一重工行情数据.csv,三一重工,,,0.45000000000000107,,0,,0.0,,,,0.0,0.003221649484536071,0.0,0.0,0.0,100000.0,98731.76918199114,100000.0,0.0,20,10,20,2.0
600031.SH,2025-01-09,15.51,15.56,15.32,15.37,15.57,-0.2,-1.2845,357776.55,551312.715,TASK2/三一重工行情数据.csv,三一重工,,,0.25,,0,,0.0,,,,0.0,-0.012845215157353929,0.0,0.0,-0.0,100000.0,97463.53836398225,100000.0,0.0,20,10,20,2.0
600031.SH,2025-01-10,15.42,15.71,15.38,15.44,15.37,0.07,0.4554,467712.6,727772.401,TASK2/三一重工行情数据.csv,三一重工,,,0.34000000000000163,,0,,0.0,,,,0.0,0.00455432661027988,0.0,0.0,0.0,100000.0,97907.41915028536,100000.0,0.0,20,10,20,2.0
600031.SH,2025-01-13,15.39,15.7,15.23,15.31,15.44,-0.13,-0.842,384318.12,592609.973,TASK2/三一重工行情数据.csv,三一重工,,,0.46999999999999886,,0,,0.0,,,,0.0,-0.008419689119170903,0.0,0.0,-0.0,100000.0,97083.0691185796,100000.0,0.0,20,10,20,2.0
600031.SH,2025-01-14,15.31,15.85,15.3,15.8,15.31,0.49,3.2005,590312.54,925532.19,TASK2/三一重工行情数据.csv,三一重工,,,0.5499999999999989,,0,,0.0,,,,0.0,0.03200522534291306,0.0,0.0,0.0,100000.0,100190.23462270133,100000.0,0.0,20,10,20,2.0
600031.SH,2025-01-15,15.8,15.8,15.38,15.4,15.8,-0.4,-2.5316,543389.11,843185.8,TASK2/三一重工行情数据.csv,三一重工,,,0.41999999999999993,,0,,0.0,,,,0.0,-0.025316455696202556,0.0,0.0,-0.0,100000.0,97653.77298668357,100000.0,0.0,20,10,20,2.0
600031.SH,2025-01-16,15.49,15.8,15.44,15.54,15.4,0.14,0.9091,542228.15,847230.101,TASK2/三一重工行情数据.csv,三一重工,,15.23,0.40000000000000036,,0,,0.0,,,,0.0,0.009090909090909038,0.0,0.0,0.0,100000.0,98541.53455928978,100000.0,0.0,20,10,20,2.0
600031.SH,2025-01-17,15.49,15.54,15.31,15.42,15.54,-0.12,-0.7722,426413.35,657250.287,TASK2/三一重工行情数据.csv,三一重工,,15.23,0.22999999999999865,,0,,0.0,,,,0.0,-0.007722007722007707,0.0,0.0,-0.0,100000.0,97780.59606848445,100000.0,0.0,20,10,20,2.0
600031.SH,2025-01-20,15.5,16.06,15.5,15.92,15.42,0.5,3.2425,963356.38,1530045.633,TASK2/三一重工行情数据.csv,三一重工,,15.23,0.6399999999999988,,0,,0.0,,,,0.0,0.03242542153048,0.0,0.0,0.0,100000.0,100951.17311350665,100000.0,0.0,20,10,20,2.0
600031.SH,2025-01-21,16.05,16.23,15.88,16.21,15.92,0.29,1.8216,629239.09,1016548.149,TASK2/三一重工行情数据.csv,三一重工,,15.23,0.34999999999999964,,0,,0.0,,,,0.0,0.01821608040201017,0.0,0.0,0.0,100000.0,102790.10779961955,100000.0,0.0,20,10,20,2.0
600031.SH,2025-01-22,16.21,16.33,16.0,16.1,16.21,-0.11,-0.6786,479082.6,772633.831,TASK2/三一重工行情数据.csv,三一重工,,15.23,0.3299999999999983,,0,,0.0,,,,0.0,-0.006785934608266486,0.0,0.0,-0.0,100000.0,102092.58084971466,100000.0,0.0,20,10,20,2.0
600031.SH,2025-01-23,16.21,16.26,16.02,16.07,16.1,-0.03,-0.1863,421624.11,679202.056,TASK2/三一重工行情数据.csv,三一重工,,15.23,0.240000000000002,,0,,0.0,,,,0.0,-0.0018633540372671176,0.0,0.0,-0.0,100000.0,101902.34622701333,100000.0,0.0,20,10,20,2.0
600031.SH,2025-01-24,16.06,16.29,16.01,16.2,16.07,0.13,0.809,361406.49,585630.964,TASK2/三一重工行情数据.csv,三一重工,,15.23,0.2799999999999976,,0,,0.0,,,,0.0,0.008089607965152457,0.0,0.0,0.0,100000.0,102726.69625871911,100000.0,0.0,20,10,20,2.0
600031.SH,2025-01-27,16.29,16.34,16.1,16.1,16.2,-0.1,-0.6173,302234.69,488912.395,TASK2/三一重工行情数据.csv,三一重工,,15.23,0.23999999999999844,,0,,0.0,,,,0.0,-0.006172839506172756,0.0,0.0,-0.0,100000.0,102092.5808497147,100000.0,0.0,20,10,20,2.0
600031.SH,2025-02-05,16.1,16.17,15.78,15.81,16.1,-0.29,-1.8012,450016.98,713063.047,TASK2/三一重工行情数据.csv,三一重工,,15.3,0.39000000000000234,,0,,0.0,,,,0.0,-0.01801242236024847,0.0,0.0,-0.0,100000.0,100253.64616360182,100000.0,0.0,20,10,20,2.0
600031.SH,2025-02-06,15.79,15.87,15.58,15.76,15.81,-0.05,-0.3163,553644.78,869586.767,TASK2/三一重工行情数据.csv,三一重工,,15.31,0.28999999999999915,,0,,0.0,,,,0.0,-0.003162555344718543,0.0,0.0,-0.0,100000.0,99936.5884590996,100000.0,0.0,20,10,20,2.0
600031.SH,2025-02-07,15.78,16.8,15.64,16.75,15.76,0.99,6.2817,1304535.45,2129487.598,TASK2/三一重工行情数据.csv,三一重工,16.48,15.31,1.1600000000000001,0.39899999999999985,1,BREAKOUT,1.0,16.75,16.75,15.952,0.0,0.06281725888324874,0.0,0.0,0.0,100000.0,106214.33100824353,100000.0,0.0,20,10,20,2.0
600031.SH,2025-02-10,16.71,17.05,16.62,16.99,16.75,0.24,1.4328,983276.22,1664804.717,TASK2/三一重工行情数据.csv,三一重工,16.8,15.31,0.4299999999999997,0.4005499999999998,0,,1.0,16.75,16.99,16.1889,1.0,0.014328358208955061,1.0,0.001,0.01332835820895506,101332.83582089549,107736.20798985417,101332.83582089549,0.0,20,10,20,2.0
600031.SH,2025-02-11,16.98,17.06,16.84,16.88,16.99,-0.11,-0.6474,492631.29,833681.769,TASK2/三一重工行情数据.csv,三一重工,17.05,15.5,0.21999999999999886,0.3915224999999997,0,,1.0,16.75,16.99,16.206955,1.0,-0.0064743967039434525,0.0,0.0,-0.0064743967039434525,100676.76684265544,107038.6810399493,101332.83582089549,-0.0064743967039434525,20,10,20,2.0
600031.SH,2025-02-12,16.84,17.12,16.76,16.99,16.88,0.11,0.6517,507705.32,860584.288,TASK2/三一重工行情数据.csv,三一重工,17.06,15.58,0.35999999999999943,0.38994637499999973,0,,1.0,16.75,16.99,16.21010725,1.0,0.006516587677725116,0.0,0.0,0.006516587677725116,101332.83582089549,107736.20798985417,101332.83582089549,0.0,20,10,20,2.0
600031.SH,2025-02-13,17.0,17.2,16.9,16.96,16.99,-0.03,-0.1766,580842.53,990681.003,TASK2/三一重工行情数据.csv,三一重工,17.12,15.58,0.3000000000000007,0.3854490562499998,0,,1.0,16.75,16.99,16.2191018875,1.0,-0.0017657445556208407,0.0,0.0,-0.0017657445556208407,101153.90791773912,107545.97336715285,101332.83582089549,-0.0017657445556208407,20,10,20,2.0
600031.SH,2025-02-14,16.99,17.48,16.98,17.46,16.96,0.5,2.9481,1061950.65,1842907.122,TASK2/三一重工行情数据.csv,三一重工,17.2,15.58,0.5199999999999996,0.39217660343749977,0,,1.0,16.75,17.46,16.675646793125,1.0,0.02948113207547176,0.0,0.0,0.02948113207547176,104136.0396370121,110716.55041217506,104136.0396370121,0.0,20,10,20,2.0
600031.SH,2025-02-17,17.45,17.52,17.13,17.36,17.46,-0.1,-0.5727,705108.88,1219254.121,TASK2/三一重工行情数据.csv,三一重工,17.48,15.58,0.39000000000000057,0.3920677732656248,0,,1.0,16.75,17.46,16.67586445346875,1.0,-0.005727376861397571,0.0,0.0,-0.005727376861397571,103539.61329315751,110082.43500317061,104136.0396370121,-0.00572737686139746,20,10,20,2.0
600031.SH,2025-02-18,17.32,17.46,16.93,17.04,17.36,-0.32,-1.8433,703328.25,1209116.572,TASK2/三一重工行情数据.csv,三一重工,17.52,15.58,0.5300000000000011,0.3989643846023436,0,,1.0,16.75,17.46,16.67586445346875,1.0,-0.018433179723502335,0.0,0.0,-0.018433179723502335,101631.0489928228,108053.2656943564,104136.0396370121,-0.02405498281786944,20,10,20,2.0
600031.SH,2025-02-19,17.07,17.57,17.04,17.45,17.04,0.41,2.4061,857545.07,1495324.78,TASK2/三一重工行情数据.csv,三一重工,17.52,15.58,0.5300000000000011,0.40551616537222646,0,,1.0,16.75,17.46,16.67586445346875,1.0,0.02406103286384975,0.0,0.0,0.02406103286384975,104076.39700262663,110653.1388712746,104136.0396370121,-0.000572737686139857,20,10,20,2.0
600031.SH,2025-02-20,17.48,17.7,17.29,17.65,17.45,0.2,1.1461,793701.63,1391269.821,TASK2/三一重工行情数据.csv,三一重工,17.57,15.58,0.41000000000000014,0.40574035710361517,0,,1.0,16.75,17.65,16.838519285792767,1.0,0.011461318051575908,0.0,0.0,0.011461318051575908,105269.24969033583,111921.36968928349,105269.24969033583,0.0,20,10,20,2.0
600031.SH,2025-02-21,17.6,17.76,17.24,17.68,17.65,0.03,0.17,979194.6,1715682.115,TASK2/三一重工行情数据.csv,三一重工,17.7,15.64,0.5200000000000031,0.4114533392484345,0,,1.0,16.75,17.68,16.85709332150313,1.0,0.0016997167138810276,0.0,0.0,0.0016997167138810276,105448.1775934922,112111.60431198482,105448.1775934922,0.0,20,10,20,2.0
600031.SH,2025-02-24,17.7,17.95,17.65,17.84,17.68,0.16,0.905,695859.41,1239761.456,TASK2/三一重工行情数据.csv,三一重工,17.76,16.62,0.3000000000000007,0.40588067228601277,0,,1.0,16.75,17.84,17.028238655427973,1.0,0.009049773755656076,0.0,0.0,0.009049773755656076,106402.45974365956,113126.1889663919,106402.45974365956,0.0,20,10,20,2.0
600031.SH,2025-02-25,17.72,18.18,17.61,17.9,17.84,0.06,0.3363,805857.16,1447158.243,TASK2/三一重工行情数据.csv,三一重工,17.95,16.76,0.5700000000000003,0.41408663867171214,0,,1.0,16.75,17.9,17.071826722656574,1.0,0.0033632286995515237,0.0,0.0,0.0033632286995515237,106760.31554997232,113506.65821179455,106760.31554997232,0.0,20,10,20,2.0
600031.SH,2025-02-26,17.88,18.18,17.73,17.79,17.9,-0.11,-0.6145,661486.15,1186667.988,TASK2/三一重工行情数据.csv,三一重工,18.18,16.76,0.4499999999999993,0.4158823067381265,0,,1.0,16.75,17.9,17.071826722656574,1.0,-0.0061452513966480105,0.0,0.0,-0.0061452513966480105,106104.24657173228,112809.13126188968,106760.31554997232,-0.0061452513966480105,20,10,20,2.0
600031.SH,2025-02-27,17.76,18.13,17.71,18.02,17.79,0.23,1.2929,814638.24,1463890.156,TASK2/三一重工行情数据.csv,三一重工,18.18,16.9,0.41999999999999815,0.4160881914012201,0,,1.0,16.75,18.02,17.18782361719756,1.0,0.012928611579539062,0.0,0.0,0.012928611579539062,107476.02716259783,114267.59670259987,107476.02716259783,0.0,20,10,20,2.0
600031.SH,2025-02-28,17.93,18.5,17.91,18.2,18.02,0.18,0.9989,1371673.92,2514994.108,TASK2/三一重工行情数据.csv,三一重工,18.18,16.93,0.5899999999999999,0.42478378183115917,0,,1.0,16.75,18.2,17.35043243633768,1.0,0.009988901220865598,0.0,0.0,0.009988901220865598,108549.59458153608,115409.00443880784,108549.59458153608,0.0,20,10,20,2.0
600031.SH,2025-03-03,18.25,19.38,18.25,18.8,18.2,0.6,3.2967,1514306.87,2880689.116,TASK2/三一重工行情数据.csv,三一重工,18.5,16.93,1.1799999999999997,0.46254459273960113,0,,1.0,16.75,18.8,17.8749108145208,1.0,0.03296703296703307,0.0,0.0,0.03296703296703307,112128.15264466364,119213.69689283447,112128.15264466364,0.0,20,10,20,2.0
600031.SH,2025-03-04,18.7,18.95,18.52,18.84,18.8,0.04,0.2128,695432.69,1306371.554,TASK2/三一重工行情数据.csv,三一重工,19.38,16.93,0.4299999999999997,0.4609173631026211,0,,1.0,16.75,18.84,17.918165273794756,1.0,0.0021276595744681437,0.0,0.0,0.0021276595744681437,112366.72318220549,119467.34305643625,112366.72318220549,0.0,20,10,20,2.0
600031.SH,2025-03-05,19.45,20.0,19.38,19.68,18.84,0.84,4.4586,2198570.11,4353081.527,TASK2/三一重工行情数据.csv,三一重工,19.38,17.04,1.1600000000000001,0.4958714949474901,0,,1.0,16.75,19.68,18.68825701010502,1.0,0.04458598726114649,0.0,0.0,0.04458598726114649,117376.70447058408,124793.91249207352,117376.70447058408,0.0,20,10,20,2.0
600031.SH,2025-03-06,19.45,19.76,19.2,19.66,19.68,-0.02,-0.1016,1336008.58,2606592.05,TASK2/三一重工行情数据.csv,三一重工,20.0,17.24,0.5600000000000023,0.4990779202001157,0,,1.0,16.75,19.68,18.68825701010502,1.0,-0.00101626016260159,0.0,0.0,-0.00101626016260159,117257.41920181316,124667.08941027265,117376.70447058408,-0.001016260162601701,20,10,20,2.0
600031.SH,2025-03-07,19.64,19.96,19.41,19.86,19.66,0.2,1.0173,939235.12,1860063.48,TASK2/三一重工行情数据.csv,三一重工,20.0,17.24,0.5500000000000007,0.50162402419011,0,,1.0,16.75,19.86,18.856751951619778,1.0,0.010172939979654183,0.0,0.0,0.010172939979654183,118450.27188952235,125935.32022828153,118450.27188952235,0.0,20,10,20,2.0
600031.SH,2025-03-10,20.2,20.55,20.0,20.47,19.86,0.61,3.0715,2106416.73,4285481.925,TASK2/三一重工行情数据.csv,三一重工,20.0,17.61,0.6900000000000013,0.5110428229806045,0,,1.0,16.75,20.47,19.44791435403879,1.0,0.030715005035246712,0.0,0.0,0.030715005035246712,122088.47258703537,129803.42422320861,122088.47258703537,0.0,20,10,20,2.0
600031.SH,2025-03-11,20.27,20.75,20.23,20.54,20.47,0.07,0.342,1278628.92,2622766.483,TASK2/三一重工行情数据.csv,三一重工,20.55,17.61,0.5199999999999996,0.5114906818315743,0,,1.0,16.75,20.54,19.51701863633685,1.0,0.0034196384953590897,0.0,0.0,0.0034196384953590897,122505.9710277336,130247.30500951172,122505.9710277336,0.0,20,10,20,2.0
600031.SH,2025-03-12,20.5,20.73,20.15,20.16,20.54,-0.38,-1.85,1069072.91,2169686.857,TASK2/三一重工行情数据.csv,三一重工,20.75,17.71,0.5800000000000018,0.5149161477399957,0,,1.0,16.75,20.54,19.51701863633685,1.0,-0.01850048685491723,0.0,0.0,-0.01850048685491723,120239.55092108613,127837.66645529484,122505.9710277336,-0.018500486854917342,20,10,20,2.0
600031.SH,2025-03-13,20.05,20.18,19.85,20.04,20.16,-0.12,-0.5952,925549.26,1850235.713,TASK2/三一重工行情数据.csv,三一重工,20.75,17.71,0.3299999999999983,0.5056703403529959,0,,1.0,16.75,20.54,19.528659319294007,1.0,-0.005952380952381042,0.0,0.0,-0.005952380952381042,119523.83930846062,127076.7279644895,122505.9710277336,-0.02434274586173324,20,10,20,2.0
600031.SH,2025-03-14,20.04,20.58,20.04,20.49,20.04,0.45,2.2455,1210653.1,2473326.496,TASK2/三一重工行情数据.csv,三一重工,20.75,17.91,0.5399999999999991,0.507386823335346,0,,1.0,16.75,20.54,19.528659319294007,1.0,0.022455089820359264,0.0,0.0,0.022455089820359264,122207.75785580628,129930.24730500946,122505.9710277336,-0.0024342745861735127,20,10,20,2.0
600031.SH,2025-03-17,20.48,20.59,20.19,20.43,20.49,-0.06,-0.2928,1092036.46,2231435.756,TASK2/三一重工行情数据.csv,三一重工,20.75,18.25,0.3999999999999986,0.5020174821685787,0,,1.0,16.75,20.54,19.53596503566284,1.0,-0.002928257686676372,0.0,0.0,-0.002928257686676372,121849.90204949352,129549.77805960682,122505.9710277336,-0.005355404089581461,20,10,20,2.0
600031.SH,2025-03-18,20.48,20.48,19.74,19.92,20.43,-0.51,-2.4963,1121807.36,2237241.576,TASK2/三一重工行情数据.csv,三一重工,20.75,18.52,0.740000000000002,0.5139166080601498,0,,1.0,16.75,20.54,19.53596503566284,1.0,-0.024963289280469758,0.0,0.0,-0.024963289280469758,118808.12769583511,126315.7894736842,122505.9710277336,-0.030185004868549248,20,10,20,2.0
600031.SH,2025-03-19,19.75,20.09,19.73,20.0,19.92,0.08,0.4016,656803.87,1312403.023,TASK2/三一重工行情数据.csv,三一重工,20.75,19.2,0.35999999999999943,0.5062207776571424,0,,1.0,16.75,20.54,19.53596503566284,1.0,0.00401606425702794,0.0,0.0,0.00401606425702794,119285.26877091876,126823.08180088772,122505.9710277336,-0.026290165530672094,20,10,20,2.0
600031.SH,2025-03-20,20.3,20.55,19.8,19.85,20.0,-0.15,-0.75,796322.1,1594441.044,TASK2/三一重工行情数据.csv,三一重工,20.75,19.2,0.75,0.5184097387742852,0,,1.0,16.75,20.54,19.53596503566284,1.0,-0.007499999999999951,0.0,0.0,-0.007499999999999951,118390.62925513688,125871.90868738107,122505.9710277336,-0.033592989289191966,20,10,20,2.0
600031.SH,2025-03-21,19.85,19.95,19.54,19.59,19.85,-0.26,-1.3098,541886.76,1066483.294,TASK2/三一重工行情数据.csv,三一重工,20.75,19.41,0.41000000000000014,0.512989251835571,0,,1.0,16.75,20.54,19.53596503566284,1.0,-0.013098236775818672,0.0,0.0,-0.013098236775818672,116839.92076111493,124223.20862396953,122505.9710277336,-0.0462512171372933,20,10,20,2.0
600031.SH,2025-03-24,19.7,20.14,19.63,19.96,19.59,0.37,1.8887,617320.5,1228750.574,TASK2/三一重工行情数据.csv,三一重工,20.75,19.54,0.5500000000000007,0.5148397892437925,0,,1.0,16.75,20.54,19.53596503566284,1.0,0.018887187340479894,0.0,0.0,0.018887187340479894,119046.69823337694,126569.43563728598,122505.9710277336,-0.028237585199610615,20,10,20,2.0
600031.SH,2025-03-25,20.0,20.06,19.53,19.56,19.96,-0.4,-2.004,545097.7,1075685.161,TASK2/三一重工行情数据.csv,三一重工,20.75,19.54,0.5299999999999976,0.5155977997816027,0,,1.0,16.75,20.54,19.53596503566284,1.0,-0.020040080160320772,0.0,0.0,-0.020040080160320772,116660.99285795854,124032.9740012682,122505.9710277336,-0.047711781888997384,20,10,20,2.0
600031.SH,2025-03-26,19.6,19.65,19.05,19.29,19.56,-0.27,-1.3804,751218.9,1449622.215,TASK2/三一重工行情数据.csv,三一重工,20.75,19.53,0.5999999999999979,0.5198179097925225,-1,LOW_CHANNEL,0.0,16.75,20.54,19.53596503566284,1.0,-0.013803680981595123,0.0,0.0,-0.013803680981595123,115050.64172955113,122320.8623969562,122505.9710277336,-0.060856864654333376,20,10,20,2.0
600031.SH,2025-03-27,19.2,19.33,19.1,19.25,19.29,-0.04,-0.2074,317038.64,609473.214,TASK2/三一重工行情数据.csv,三一重工,20.75,19.05,0.22999999999999687,0.5053270143028963,0,,0.0,,,,0.0,-0.0020736132711248745,1.0,0.001,-0.001,114935.59108782158,122067.21623335444,122505.9710277336,-0.061796007789678975,20,10,20,2.0
600031.SH,2025-03-28,19.28,19.48,19.11,19.25,19.25,0.0,0.0,432751.83,831958.066,TASK2/三一重工行情数据.csv,三一重工,20.75,19.05,0.370000000000001,0.4985606635877515,0,,0.0,,,,0.0,0.0,0.0,0.0,0.0,114935.59108782158,122067.21623335444,122505.9710277336,-0.061796007789678975,20,10,20,2.0
600031.SH,2025-03-31,19.23,19.28,18.93,19.07,19.25,-0.18,-0.9351,404810.23,772189.438,TASK2/三一重工行情数据.csv,三一重工,20.75,19.05,0.3500000000000014,0.49113263040836397,0,,0.0,,,,0.0,-0.009350649350649332,0.0,0.0,-0.0,114935.59108782158,120925.80849714644,122505.9710277336,-0.061796007789678975,20,10,20,2.0
600031.SH,2025-04-01,19.15,19.2,18.83,18.93,19.07,-0.14,-0.7341,372331.3,706317.072,TASK2/三一重工行情数据.csv,三一重工,20.75,18.93,0.370000000000001,0.48507599888794584,0,,0.0,,,,0.0,-0.007341373885684344,0.0,0.0,-0.0,114935.59108782158,120038.04692454023,122505.9710277336,-0.061796007789678975,20,10,20,2.0
600031.SH,2025-04-02,18.89,19.44,18.88,19.36,18.93,0.43,2.2715,535948.34,1034269.275,TASK2/三一重工行情数据.csv,三一重工,20.75,18.83,0.5600000000000023,0.4888221989435486,0,,0.0,,,,0.0,0.022715266772319165,0.0,0.0,0.0,114935.59108782158,122764.74318325934,122505.9710277336,-0.061796007789678975,20,10,20,2.0
600031.SH,2025-04-03,19.2,19.32,18.89,19.1,19.36,-0.26,-1.343,411313.69,786068.079,TASK2/三一重工行情数据.csv,三一重工,20.75,18.83,0.46999999999999886,0.4878810889963711,0,,0.0,,,,0.0,-0.01342975206611563,0.0,0.0,-0.0,114935.59108782158,121116.0431198478,122505.9710277336,-0.061796007789678975,20,10,20,2.0
600031.SH,2025-04-07,18.15,18.45,17.49,18.0,19.1,-1.1,-5.7592,1211637.53,2174458.522,TASK2/三一重工行情数据.csv,三一重工,20.75,18.83,1.610000000000003,0.5439870345465527,0,,0.0,,,,0.0,-0.05759162303664933,0.0,0.0,-0.0,114935.59108782158,114140.77362079898,122505.9710277336,-0.061796007789678975,20,10,20,2.0
600031.SH,2025-04-08,18.2,18.55,17.8,18.55,18.0,0.55,3.0556,1231862.5,2249528.296,TASK2/三一重工行情数据.csv,三一重工,20.75,17.49,0.75,0.554287682819225,0,,0.0,,,,0.0,0.03055555555555567,0.0,0.0,0.0,114935.59108782158,117628.4083703234,122505.9710277336,-0.061796007789678975,20,10,20,2.0
600031.SH,2025-04-09,18.39,19.12,18.15,19.12,18.55,0.57,3.0728,1088675.06,2037459.402,TASK2/三一重工行情数据.csv,三一重工,20.75,17.49,0.9700000000000024,0.5750732986782638,0,,0.0,,,,0.0,0.030727762803234526,0.0,0.0,0.0,114935.59108782158,121242.8662016487,122505.9710277336,-0.061796007789678975,20,10,20,2.0
600031.SH,2025-04-10,19.4,19.41,18.8,19.1,19.12,-0.02,-0.1046,801014.98,1526645.635,TASK2/三一重工行情数据.csv,三一重工,20.73,17.49,0.6099999999999994,0.5768196337443506,0,,0.0,,,,0.0,-0.0010460251046024993,0.0,0.0,-0.0,114935.59108782158,121116.04311984783,122505.9710277336,-0.061796007789678975,20,10,20,2.0
600031.SH,2025-04-11,18.91,19.39,18.91,19.31,19.1,0.21,1.0995,482423.71,926743.118,TASK2/三一重工行情数据.csv,三一重工,20.59,17.49,0.4800000000000004,0.571978652057133,0,,0.0,,,,0.0,0.010994764397905588,0.0,0.0,0.0,114935.59108782158,122447.68547875714,122505.9710277336,-0.061796007789678975,20,10,20,2.0
600031.SH,2025-04-14,19.31,19.39,18.81,18.89,19.31,-0.42,-2.175,659575.9,1254313.921,TASK2/三一重工行情数据.csv,三一重工,20.59,17.49,0.5800000000000018,0.5723797194542766,0,,0.0,,,,0.0,-0.02175038839979271,0.0,0.0,-0.0,114935.59108782158,119784.4007609385,122505.9710277336,-0.061796007789678975,20,10,20,2.0
600031.SH,2025-04-15,18.89,18.98,18.5,18.96,18.89,0.07,0.3706,498659.89,934753.52,TASK2/三一重工行情数据.csv,三一重工,20.59,17.49,0.4800000000000004,0.5677607334815628,0,,0.0,,,,0.0,0.0037056643726840477,0.0,0.0,0.0,114935.59108782158,120228.28154724161,122505.9710277336,-0.061796007789678975,20,10,20,2.0
600031.SH,2025-04-16,18.95,19.1,18.43,19.1,18.96,0.14,0.7384,596409.43,1118508.24,TASK2/三一重工行情数据.csv,三一重工,20.55,17.49,0.6700000000000017,0.5728726968074846,0,,0.0,,,,0.0,0.007383966244725704,0.0,0.0,0.0,114935.59108782158,121116.04311984783,122505.9710277336,-0.061796007789678975,20,10,20,2.0
600031.SH,2025-04-17,18.95,19.16,18.83,19.06,19.1,-0.04,-0.2094,433571.23,823346.74,TASK2/三一重工行情数据.csv,三一重工,20.55,17.49,0.33000000000000185,0.5607290619671106,0,,0.0,,,,0.0,-0.0020942408376964927,0.0,0.0,-0.0,114935.59108782158,120862.39695624603,122505.9710277336,-0.061796007789678975,20,10,20,2.0
600031.SH,2025-04-18,19.05,19.23,18.8,19.19,19.06,0.13,0.6821,364503.89,694159.637,TASK2/三一重工行情数据.csv,三一重工,20.55,17.49,0.4299999999999997,0.5541926088687551,0,,0.0,,,,0.0,0.006820566631689617,0.0,0.0,0.0,114935.59108782158,121686.74698795183,122505.9710277336,-0.061796007789678975,20,10,20,2.0
600031.SH,2025-04-21,19.08,19.4,18.91,19.23,19.19,0.04,0.2084,381040.22,731202.525,TASK2/三一重工行情数据.csv,三一重工,20.14,17.49,0.48999999999999844,0.5509829784253173,0,,0.0,,,,0.0,0.0020844189682125425,0.0,0.0,0.0,114935.59108782158,121940.39315155361,122505.9710277336,-0.061796007789678975,20,10,20,2.0
600031.SH,2025-04-22,19.23,19.23,18.94,18.95,19.23,-0.28,-1.4561,330581.23,628462.385,TASK2/三一重工行情数据.csv,三一重工,20.14,17.8,0.28999999999999915,0.5379338295040513,0,,0.0,,,,0.0,-0.014560582423296942,0.0,0.0,-0.0,114935.59108782158,120164.87000634117,122505.9710277336,-0.061796007789678975,20,10,20,2.0
600031.SH,2025-04-23,19.01,19.64,18.98,19.4,18.95,0.45,2.3747,719919.72,1395551.262,TASK2/三一重工行情数据.csv,三一重工,20.06,18.15,0.6900000000000013,0.5455371380288488,0,,0.0,,,,0.0,0.0237467018469657,0.0,0.0,0.0,114935.59108782158,123018.38934686115,122505.9710277336,-0.061796007789678975,20,10,20,2.0
600031.SH,2025-04-24,19.42,19.65,19.03,19.05,19.4,-0.35,-1.8041,428221.56,825620.533,TASK2/三一重工行情数据.csv,三一重工,19.65,18.43,0.6199999999999974,0.5492602811274063,0,,0.0,,,,0.0,-0.018041237113401998,0.0,0.0,-0.0,114935.59108782158,120798.98541534564,122505.9710277336,-0.061796007789678975,20,10,20,2.0
600031.SH,2025-04-25,19.2,19.24,18.96,19.09,19.05,0.04,0.21,294040.99,560318.175,TASK2/三一重工行情数据.csv,三一重工,19.65,18.43,0.2799999999999976,0.5357972670710358,0,,0.0,,,,0.0,0.0020997375328084544,0.0,0.0,0.0,114935.59108782158,121052.63157894742,122505.9710277336,-0.061796007789678975,20,10,20,2.0
600031.SH,2025-04-28,19.09,19.38,19.0,19.05,19.09,-0.04,-0.2095,290181.43,556163.009,TASK2/三一重工行情数据.csv,三一重工,19.65,18.43,0.379999999999999,0.528007403717484,0,,0.0,,,,0.0,-0.002095337873232017,0.0,0.0,-0.0,114935.59108782158,120798.98541534564,122505.9710277336,-0.061796007789678975,20,10,20,2.0
600031.SH,2025-04-29,18.96,19.25,18.96,19.19,19.05,0.14,0.7349,344705.47,659630.045,TASK2/三一重工行情数据.csv,三一重工,19.65,18.43,0.28999999999999915,0.5161070335316097,0,,0.0,,,,0.0,0.0073490813648293685,0.0,0.0,0.0,114935.59108782158,121686.74698795186,122505.9710277336,-0.061796007789678975,20,10,20,2.0
600031.SH,2025-04-30,19.48,19.56,18.88,18.89,19.19,-0.3,-1.5633,704212.24,1347148.465,TASK2/三一重工行情数据.csv,三一重工,19.65,18.43,0.6799999999999997,0.5243016818550292,0,,0.0,,,,0.0,-0.015633142261594624,0.0,0.0,-0.0,114935.59108782158,119784.40076093853,122505.9710277336,-0.061796007789678975,20,10,20,2.0
600031.SH,2025-05-06,19.18,19.75,19.07,19.68,18.89,0.79,4.1821,797109.1,1558058.474,TASK2/三一重工行情数据.csv,三一重工,19.65,18.8,0.8599999999999994,0.5410865977622777,1,BREAKOUT,1.0,19.68,19.68,18.597826804475446,0.0,0.04182106934886187,0.0,0.0,0.0,114935.59108782158,124793.91249207359,122505.9710277336,-0.061796007789678975,20,10,20,2.0
600031.SH,2025-05-07,20.1,20.1,19.51,19.69,19.68,0.01,0.0508,524204.36,1032592.016,TASK2/三一重工行情数据.csv,三一重工,19.75,18.8,0.5899999999999999,0.5435322678741639,0,,1.0,19.68,19.69,18.602935464251672,1.0,0.000508130081300795,1.0,0.001,-0.0004918699186992051,114879.05772797758,124857.32403297402,122505.9710277336,-0.062257482111050755,20,10,20,2.0
600031.SH,2025-05-08,19.57,19.57,19.35,19.41,19.69,-0.28,-1.422,416313.43,808769.321,TASK2/三一重工行情数据.csv,三一重工,20.1,18.88,0.33999999999999986,0.5333556544804556,0,,1.0,19.68,19.69,18.62328869103909,1.0,-0.014220416455053342,0.0,0.0,-0.014220416455053342,113245.4296851216,123081.8008877616,122505.9710277336,-0.07559257124304197,20,10,20,2.0
600031.SH,2025-05-09,19.41,19.8,19.37,19.72,19.41,0.31,1.5971,520687.36,1022788.072,TASK2/三一重工行情数据.csv,三一重工,20.1,18.88,0.4299999999999997,0.5281878717564329,0,,1.0,19.68,19.72,18.663624256487132,1.0,0.01597114889232354,0.0,0.0,0.01597114889232354,115054.08930399785,125047.55865567536,122505.9710277336,-0.06082872256119454,20,10,20,2.0
600031.SH,2025-05-12,19.78,20.16,19.7,20.0,19.72,0.28,1.4199,612425.39,1224229.827,TASK2/三一重工行情数据.csv,三一重工,20.1,18.88,0.46000000000000085,0.5247784781686112,0,,1.0,19.68,20.0,18.950443043662776,1.0,0.014198782961460488,0.0,0.0,0.014198782961460488,116687.71734685381,126823.0818008878,122505.9710277336,-0.04749363342920343,20,10,20,2.0
600031.SH,2025-05-13,20.09,20.19,19.81,19.92,20.0,-0.08,-0.4,442906.06,882733.307,TASK2/三一重工行情数据.csv,三一重工,20.16,18.88,0.38000000000000256,0.5175395542601808,0,,1.0,19.68,20.0,18.96492089147964,1.0,-0.0039999999999998925,0.0,0.0,-0.0039999999999998925,116220.9664774664,126315.78947368424,122505.9710277336,-0.05130365889548649,20,10,20,2.0
600031.SH,2025-05-14,19.87,19.87,19.33,19.58,19.92,-0.34,-1.7068,703918.53,1375618.539,TASK2/三一重工行情数据.csv,三一重工,20.19,18.88,0.5900000000000034,0.5211625765471719,0,,1.0,19.68,20.0,18.96492089147964,1.0,-0.01706827309236969,0.0,0.0,-0.01706827309236969,114237.27528256986,124159.79708306912,122505.9710277336,-0.06749626712719026,20,10,20,2.0
600031.SH,2025-05-15,19.53,19.6,19.15,19.2,19.58,-0.38,-1.9408,579659.66,1118377.691,TASK2/三一重工行情数据.csv,三一重工,20.19,18.88,0.45000000000000284,0.5176044477198134,0,,1.0,19.68,20.0,18.96492089147964,1.0,-0.019407558733401387,0.0,0.0,-0.019407558733401387,112020.20865297964,121750.15852885228,122505.9710277336,-0.08559388809203539,20,10,20,2.0
600031.SH,2025-05-16,19.2,19.4,19.12,19.3,19.2,0.1,0.5208,307282.87,590788.139,TASK2/三一重工行情数据.csv,三一重工,20.19,18.88,0.2799999999999976,0.5057242253338227,0,,1.0,19.68,20.0,18.988551549332353,1.0,0.005208333333333481,0.0,0.0,0.005208333333333481,112603.64723971392,122384.27393785673,122505.9710277336,-0.08083135625918136,20,10,20,2.0
600031.SH,2025-05-19,19.3,19.42,19.1,19.18,19.3,-0.12,-0.6218,380042.81,732445.467,TASK2/三一重工行情数据.csv,三一重工,20.19,18.88,0.3200000000000003,0.49643801406713156,0,,1.0,19.68,20.0,19.007123971865738,1.0,-0.006217616580310947,0.0,0.0,-0.006217616580310947,111903.52093563278,121623.33544705139,122505.9710277336,-0.08654639445860624,20,10,20,2.0
600031.SH,2025-05-20,19.19,19.25,18.85,18.98,19.18,-0.2,-1.0428,580140.35,1101282.723,TASK2/三一重工行情数据.csv,三一重工,20.19,19.07,0.3999999999999986,0.491616113363775,-1,LOW_CHANNEL,0.0,19.68,20.0,19.01676777327245,1.0,-0.010427528675703845,0.0,0.0,-0.010427528675703845,110736.64376216425,120355.10462904251,122505.9710277336,-0.09607145812431406,20,10,20,2.0
600031.SH,2025-05-21,18.98,19.1,18.93,19.01,18.98,0.03,0.1581,352177.2,670117.663,TASK2/三一重工行情数据.csv,三一重工,20.19,18.85,0.1700000000000017,0.47553530769558633,0,,0.0,,,,0.0,0.0015806111696523573,1.0,0.001,-0.001,110625.9071184021,120545.33925174385,122505.9710277336,-0.09697538666618966,20,10,20,2.0
600031.SH,2025-05-22,19.01,19.23,18.94,19.07,19.01,0.06,0.3156,357665.69,683478.339,TASK2/三一重工行情数据.csv,三一重工,20.19,18.85,0.28999999999999915,0.46625854231080693,0,,0.0,,,,0.0,0.0031562335612833614,0.0,0.0,0.0,110625.9071184021,120925.80849714649,122505.9710277336,-0.09697538666618966,20,10,20,2.0
600031.SH,2025-05-23,19.13,19.3,18.86,18.91,19.07,-0.16,-0.839,453618.5,863572.501,TASK2/三一重工行情数据.csv,三一重工,20.19,18.85,0.4400000000000013,0.4649456151952666,0,,0.0,,,,0.0,-0.008390141583639266,0.0,0.0,-0.0,110625.9071184021,119911.22384273937,122505.9710277336,-0.09697538666618966,20,10,20,2.0
600031.SH,2025-05-26,18.84,18.88,18.5,18.66,18.91,-0.25,-1.3221,491582.8,915567.328,TASK2/三一重工行情数据.csv,三一重工,20.19,18.85,0.41000000000000014,0.4621983344355033,0,,0.0,,,,0.0,-0.013220518244315138,0.0,0.0,-0.0,110625.9071184021,118325.93532022828,122505.9710277336,-0.09697538666618966,20,10,20,2.0
600031.SH,2025-05-27,18.66,18.7,18.41,18.41,18.66,-0.25,-1.3398,290435.51,537941.941,TASK2/三一重工行情数据.csv,三一重工,20.19,18.5,0.28999999999999915,0.4535884177137281,0,,0.0,,,,0.0,-0.013397642015005373,0.0,0.0,-0.0,110625.9071184021,116740.64679771719,122505.9710277336,-0.09697538666618966,20,10,20,2.0
600031.SH,2025-05-28,18.47,18.63,18.44,18.5,18.41,0.09,0.4889,241774.37,447820.486,TASK2/三一重工行情数据.csv,三一重工,20.19,18.41,0.21999999999999886,0.44190899682804163,0,,0.0,,,,0.0,0.004888647474198704,0.0,0.0,0.0,110625.9071184021,117311.35066582117,122505.9710277336,-0.09697538666618966,20,10,20,2.0
600031.SH,2025-05-29,18.54,18.92,18.51,18.75,18.5,0.25,1.3514,394993.77,741276.872,TASK2/三一重工行情数据.csv,三一重工,20.19,18.41,0.4200000000000017,0.4408135469866396,0,,0.0,,,,0.0,0.013513513513513598,0.0,0.0,0.0,110625.9071184021,118896.63918833226,122505.9710277336,-0.09697538666618966,20,10,20,2.0
600031.SH,2025-05-30,18.76,18.88,18.57,18.83,18.75,0.08,0.4267,321981.83,604138.325,TASK2/三一重工行情数据.csv,三一重工,20.19,18.41,0.3099999999999987,0.4342728696373076,0,,0.0,,,,0.0,0.004266666666666641,0.0,0.0,0.0,110625.9071184021,119403.9315155358,122505.9710277336,-0.09697538666618966,20,10,20,2.0
600031.SH,2025-06-03,19.13,19.13,18.34,18.42,18.83,-0.41,-2.1774,678244.07,1252178.384,TASK2/三一重工行情数据.csv,三一重工,20.19,18.41,0.7899999999999991,0.45205922615544214,0,,0.0,,,,0.0,-0.02177376526818886,0.0,0.0,-0.0,110625.9071184021,116804.05833861764,122505.9710277336,-0.09697538666618966,20,10,20,2.0
600031.SH,2025-06-04,18.45,18.45,18.21,18.3,18.42,-0.12,-0.6515,455616.36,833198.052,TASK2/三一重工行情数据.csv,三一重工,20.19,18.34,0.23999999999999844,0.44145626484767,0,,0.0,,,,0.0,-0.006514657980456029,0.0,0.0,-0.0,110625.9071184021,116043.11984781233,122505.9710277336,-0.09697538666618966,20,10,20,2.0
600031.SH,2025-06-05,18.3,18.34,18.13,18.25,18.3,-0.05,-0.2732,397261.35,724008.178,TASK2/三一重工行情数据.csv,三一重工,20.19,18.21,0.21000000000000085,0.42988345160528657,0,,0.0,,,,0.0,-0.002732240437158473,0.0,0.0,-0.0,110625.9071184021,115726.06214331012,122505.9710277336,-0.09697538666618966,20,10,20,2.0
600031.SH,2025-06-06,18.3,18.6,18.25,18.47,18.25,0.22,1.2055,411018.68,760254.551,TASK2/三一重工行情数据.csv,三一重工,20.19,18.13,0.3500000000000014,0.42588927902502227,0,,0.0,,,,0.0,0.012054794520547807,0.0,0.0,0.0,110625.9071184021,117121.11604311985,122505.9710277336,-0.09697538666618966,20,10,20,2.0
600031.SH,2025-06-09,18.39,18.55,18.3,18.32,18.47,-0.15,-0.8121,493317.92,907261.016,TASK2/三一重工行情数据.csv,三一重工,20.19,18.13,0.25,0.4170948150737711,0,,0.0,,,,0.0,-0.008121277747698885,0.0,0.0,-0.0,110625.9071184021,116169.9429296132,122505.9710277336,-0.09697538666618966,20,10,20,2.0
600031.SH,2025-06-10,18.35,18.52,18.1,18.18,18.32,-0.14,-0.7642,347947.14,635331.653,TASK2/三一重工行情数据.csv,三一重工,20.19,18.13,0.41999999999999815,0.4172400743200825,0,,0.0,,,,0.0,-0.007641921397379958,0.0,0.0,-0.0,110625.9071184021,115282.18135700698,122505.9710277336,-0.09697538666618966,20,10,20,2.0
600031.SH,2025-06-11,17.98,18.05,17.82,17.91,17.82,0.09,0.5051,329087.94,591374.72,TASK2/三一重工行情数据.csv,三一重工,20.19,18.1,0.35999999999999943,0.4143780706040783,0,,0.0,,,,0.0,-0.014851485148514865,0.0,0.0,-0.0,110625.9071184021,113570.069752695,122505.9710277336,-0.09697538666618966,20,10,20,2.0
600031.SH,2025-06-12,17.9,17.94,17.72,17.8,17.91,-0.11,-0.6142,261777.4,466753.354,TASK2/三一重工行情数据.csv,三一重工,19.87,17.82,0.22000000000000242,0.4046591670738745,0,,0.0,,,,0.0,-0.006141820212171911,0.0,0.0,-0.0,110625.9071184021,112872.5428027901,122505.9710277336,-0.09697538666618966,20,10,20,2.0
600031.SH,2025-06-13,17.77,17.87,17.66,17.79,17.8,-0.01,-0.0562,332721.44,590775.706,TASK2/三一重工行情数据.csv,三一重工,19.6,17.72,0.21000000000000085,0.3949262087201808,0,,0.0,,,,0.0,-0.0005617977528090679,0.0,0.0,-0.0,110625.9071184021,112809.13126188965,122505.9710277336,-0.09697538666618966,20,10,20,2.0
600031.SH,2025-06-16,17.77,17.9,17.7,17.81,17.79,0.02,0.1124,339137.11,603938.878,TASK2/三一重工行情数据.csv,三一重工,19.42,17.66,0.1999999999999993,0.38517989828417176,0,,0.0,,,,0.0,0.0011242270938729426,0.0,0.0,0.0,110625.9071184021,112935.95434369052,122505.9710277336,-0.09697538666618966,20,10,20,2.0
600031.SH,2025-06-17,17.89,18.17,17.88,18.03,17.81,0.22,1.2353,462329.28,834199.896,TASK2/三一重工行情数据.csv,三一重工,19.42,17.66,0.360000000000003,0.3839209033699633,0,,0.0,,,,0.0,0.012352610892756966,0.0,0.0,0.0,110625.9071184021,114331.00824350031,122505.9710277336,-0.09697538666618966,20,10,20,2.0
600031.SH,2025-06-18,18.01,18.1,17.76,17.78,18.03,-0.25,-1.3866,358979.91,641468.707,TASK2/三一重工行情数据.csv,三一重工,19.3,17.66,0.33999999999999986,0.3817248582014651,0,,0.0,,,,0.0,-0.01386577925679422,0.0,0.0,-0.0,110625.9071184021,112745.71972098922,122505.9710277336,-0.09697538666618966,20,10,20,2.0
600031.SH,2025-06-19,17.79,17.81,17.38,17.44,17.78,-0.34,-1.9123,469443.76,822521.739,TASK2/三一重工行情数据.csv,三一重工,19.3,17.66,0.4299999999999997,0.3841386152913918,0,,0.0,,,,0.0,-0.019122609673790758,0.0,0.0,-0.0,110625.9071184021,110589.72733037414,122505.9710277336,-0.09697538666618966,20,10,20,2.0
600031.SH,2025-06-20,17.44,17.58,17.32,17.49,17.44,0.05,0.2867,222382.54,388409.768,TASK2/三一重工行情数据.csv,三一重工,19.3,17.38,0.259999999999998,0.37793168452682213,0,,0.0,,,,0.0,0.0028669724770640226,0.0,0.0,0.0,110625.9071184021,110906.78503487632,122505.9710277336,-0.09697538666618966,20,10,20,2.0
600031.SH,2025-06-23,17.4,17.7,17.32,17.66,17.49,0.17,0.972,302223.01,530607.726,TASK2/三一重工行情数据.csv,三一重工,19.3,17.32,0.379999999999999,0.378035100300481,0,,0.0,,,,0.0,0.009719839908519212,0.0,0.0,0.0,110625.9071184021,111984.78123018387,122505.9710277336,-0.09697538666618966,20,10,20,2.0
600031.SH,2025-06-24,17.69,18.06,17.68,18.0,17.66,0.34,1.9253,474206.42,851657.694,TASK2/三一重工行情数据.csv,三一重工,19.13,17.32,0.3999999999999986,0.3791333452854569,0,,0.0,,,,0.0,0.01925254813137034,0.0,0.0,0.0,110625.9071184021,114140.77362079898,122505.9710277336,-0.09697538666618966,20,10,20,2.0
600031.SH,2025-06-25,18.05,18.07,17.86,18.01,18.0,0.01,0.0556,432866.42,777803.023,TASK2/三一重工行情数据.csv,三一重工,19.13,17.32,0.21000000000000085,0.3706766780211841,0,,0.0,,,,0.0,0.0005555555555556424,0.0,0.0,0.0,110625.9071184021,114204.18516169944,122505.9710277336,-0.09697538666618966,20,10,20,2.0
600031.SH,2025-06-26,18.0,18.13,17.87,17.91,18.01,-0.1,-0.5552,397516.12,713448.262,TASK2/三一重工行情数据.csv,三一重工,19.13,17.32,0.259999999999998,0.3651428441201248,0,,0.0,,,,0.0,-0.005552470849528146,0.0,0.0,-0.0,110625.9071184021,113570.069752695,122505.9710277336,-0.09697538666618966,20,10,20,2.0
600031.SH,2025-06-27,17.83,18.09,17.78,17.93,17.91,0.02,0.1117,341347.4,612543.948,TASK2/三一重工行情数据.csv,三一重工,19.13,17.32,0.3099999999999987,0.3623857019141185,0,,0.0,,,,0.0,0.001116694584031297,0.0,0.0,0.0,110625.9071184021,113696.89283449588,122505.9710277336,-0.09697538666618966,20,10,20,2.0
600031.SH,2025-06-30,17.93,18.02,17.88,17.95,17.93,0.02,0.1115,263715.93,473244.076,TASK2/三一重工行情数据.csv,三一重工,19.13,17.32,0.14000000000000057,0.35126641681841264,0,,0.0,,,,0.0,0.001115448968209698,0.0,0.0,0.0,110625.9071184021,113823.71591629679,122505.9710277336,-0.09697538666618966,20,10,20,2.0
600031.SH,2025-07-01,17.95,17.96,17.64,17.73,17.95,-0.22,-1.2256,433345.95,768740.996,TASK2/三一重工行情数据.csv,三一重工,19.13,17.32,0.3200000000000003,0.349703095977492,0,,0.0,,,,0.0,-0.012256267409470722,0.0,0.0,-0.0,110625.9071184021,112428.66201648703,122505.9710277336,-0.09697538666618966,20,10,20,2.0
600031.SH,2025-07-02,17.8,18.39,17.73,18.2,17.73,0.47,2.6509,722438.96,1310444.888,TASK2/三一重工行情数据.csv,三一重工,18.6,17.32,0.6600000000000001,0.3652179411786174,0,,0.0,,,,0.0,0.026508742244782724,0.0,0.0,0.0,110625.9071184021,115409.00443880788,122505.9710277336,-0.09697538666618966,20,10,20,2.0
600031.SH,2025-07-03,18.2,18.21,18.07,18.16,18.2,-0.04,-0.2198,300095.68,544368.27,TASK2/三一重工行情数据.csv,三一重工,18.6,17.32,0.14000000000000057,0.35395704411968654,0,,0.0,,,,0.0,-0.00219780219780219,0.0,0.0,-0.0,110625.9071184021,115155.3582752061,122505.9710277336,-0.09697538666618966,20,10,20,2.0
600031.SH,2025-07-04,18.16,18.3,18.05,18.23,18.16,0.07,0.3855,334470.86,609161.924,TASK2/三一重工行情数据.csv,三一重工,18.6,17.32,0.25,0.3487591919137022,0,,0.0,,,,0.0,0.0038546255506608507,0.0,0.0,0.0,110625.9071184021,115599.23906150922,122505.9710277336,-0.09697538666618966,20,10,20,2.0
600031.SH,2025-07-07,18.25,18.38,18.1,18.35,18.23,0.12,0.6583,339773.08,621278.651,TASK2/三一重工行情数据.csv,三一重工,18.55,17.32,0.2799999999999976,0.3453212323180169,0,,0.0,,,,0.0,0.006582556226001124,0.0,0.0,0.0,110625.9071184021,116360.17755231456,122505.9710277336,-0.09697538666618966,20,10,20,2.0
600031.SH,2025-07-08,18.4,19.08,18.36,19.07,18.35,0.72,3.9237,1054008.44,1993706.646,TASK2/三一重工行情数据.csv,三一重工,18.52,17.64,0.7299999999999969,0.3645551707021159,1,BREAKOUT,1.0,19.07,19.07,18.340889658595767,0.0,0.03923705722070836,0.0,0.0,0.0,110625.9071184021,120925.80849714651,122505.9710277336,-0.09697538666618966,20,10,20,2.0
600031.SH,2025-07-09,18.99,19.21,18.89,19.11,19.07,0.04,0.2098,661952.13,1264486.865,TASK2/三一重工行情数据.csv,三一重工,19.08,17.64,0.3200000000000003,0.36232741216701014,0,,1.0,19.07,19.11,18.38534517566598,1.0,0.002097535395909844,1.0,0.001,0.0010975353959098441,110747.32296716921,121179.45466074829,122505.9710277336,-0.09598428518967783,20,10,20,2.0
600031.SH,2025-07-10,19.12,19.27,18.92,18.92,19.11,-0.19,-0.9942,636371.63,1212124.453,TASK2/三一重工行情数据.csv,三一重工,19.21,17.64,0.34999999999999787,0.3617110415586595,0,,1.0,19.07,19.11,18.38657791688268,1.0,-0.009942438513867002,0.0,0.0,-0.009942438513867002,109646.22451799276,119974.63538363986,122505.9710277336,-0.10497240584974898,20,10,20,2.0
600031.SH,2025-07-11,18.99,19.1,18.83,18.83,18.92,-0.09,-0.4757,484331.56,917451.28,TASK2/三一重工行情数据.csv,三一重工,19.27,17.64,0.2700000000000031,0.3571254894807267,0,,1.0,19.07,19.11,18.395749021038547,1.0,-0.004756871035941024,0.0,0.0,-0.004756871035941024,109124.65156838282,119403.93151553583,122505.9710277336,-0.10922993668873038,20,10,20,2.0
600031.SH,2025-07-14,18.83,18.95,18.7,18.74,18.83,-0.09,-0.478,360942.98,679524.719,TASK2/三一重工行情数据.csv,三一重工,19.27,17.64,0.25,0.35176921500669034,0,,1.0,19.07,19.11,18.406461569986618,1.0,-0.004779607010090281,0.0,0.0,-0.004779607010090281,108603.07861877292,118833.22764743182,122505.9710277336,-0.11348746752771144,20,10,20,2.0
600031.SH,2025-07-15,18.74,18.95,18.73,18.9,18.74,0.16,0.8538,432029.47,814099.922,TASK2/三一重工行情数据.csv,三一重工,19.27,17.64,0.21999999999999886,0.34518075425635575,0,,1.0,19.07,19.11,18.419638491487287,1.0,0.008537886872998834,0.0,0.0,0.008537886872998834,109530.31941807941,119847.81230183892,122505.9710277336,-0.10591852381396727,20,10,20,2.0
600031.SH,2025-07-16,18.83,18.89,18.63,18.71,18.9,-0.19,-1.0053,327156.32,611643.642,TASK2/三一重工行情数据.csv,三一重工,19.27,17.73,0.2699999999999996,0.3414217165435379,0,,1.0,19.07,19.11,18.427156566912924,1.0,-0.01005291005290998,0.0,0.0,-0.01005291005290998,108429.22096890296,118642.99302473049,122505.9710277336,-0.11490664447403853,20,10,20,2.0
