ts_code,trade_date,open,high,low,close,pre_close,change,pct_chg,vol,amount,source_file,stock_name,short_ma,long_ma,target_position,trade_signal,position,market_return,turnover,transaction_cost,strategy_return,strategy_equity,benchmark_equity,running_peak,drawdown,short_window,long_window
688017.SH,2025-06-30,124.8,126.37,123.58,124.89,124.1,0.79,0.6366,27684.42,346153.401,TASK1/data/688017.SH_daily_20250629_20260629.csv,绿的谐波,,,0.0,0,0.0,0.0,0.0,0.0,0.0,100000.0,100000.0,100000.0,0.0,20,60
688017.SH,2025-07-01,124.28,124.97,122.22,123.14,124.89,-1.75,-1.4012,22443.51,276694.229,TASK1/data/688017.SH_daily_20250629_20260629.csv,绿的谐波,,,0.0,0,0.0,-0.014012330851149057,0.0,0.0,-0.0,100000.0,98598.7669148851,100000.0,0.0,20,60
688017.SH,2025-07-02,122.2,123.13,119.0,120.05,123.14,-3.09,-2.5093,25425.54,305891.013,TASK1/data/688017.SH_daily_20250629_20260629.csv,绿的谐波,,,0.0,0,0.0,-0.025093389637810604,0.0,0.0,-0.0,100000.0,96124.58963888221,100000.0,0.0,20,60
688017.SH,2025-07-03,119.91,121.17,118.9,120.1,120.05,0.05,0.0416,17729.38,212380.751,TASK1/data/688017.SH_daily_20250629_20260629.csv,绿的谐波,,,0.0,0,0.0,0.0004164931278634043,0.0,0.0,0.0,100000.0,96164.6248698855,100000.0,0.0,20,60
688017.SH,2025-07-04,121.0,121.66,117.82,119.06,120.1,-1.04,-0.8659,24074.09,287398.829,TASK1/data/688017.SH_daily_20250629_20260629.csv,绿的谐波,,,0.0,0,0.0,-0.00865945045795169,0.0,0.0,-0.0,100000.0,95331.89206501722,100000.0,0.0,20,60
688017.SH,2025-07-07,117.0,117.0,114.23,115.12,119.06,-3.94,-3.3093,42861.76,494410.388,TASK1/data/688017.SH_daily_20250629_20260629.csv,绿的谐波,,,0.0,0,0.0,-0.033092558373929104,0.0,0.0,-0.0,100000.0,92177.11586195852,100000.0,0.0,20,60
688017.SH,2025-07-08,115.32,119.29,114.66,118.79,115.12,3.67,3.188,35343.33,415912.091,TASK1/data/688017.SH_daily_20250629_20260629.csv,绿的谐波,,,0.0,0,0.0,0.03187977762334948,0.0,0.0,0.0,100000.0,95115.70181759949,100000.0,0.0,20,60
688017.SH,2025-07-09,122.0,123.88,117.66,118.09,118.79,-0.7,-0.5893,48848.49,590926.175,TASK1/data/688017.SH_daily_20250629_20260629.csv,绿的谐波,,,0.0,0,0.0,-0.005892751915144379,0.0,0.0,-0.0,100000.0,94555.20858355353,100000.0,0.0,20,60
688017.SH,2025-07-10,116.74,119.47,116.67,118.86,118.09,0.77,0.652,28769.62,339091.077,TASK1/data/688017.SH_daily_20250629_20260629.csv,绿的谐波,,,0.0,0,0.0,0.00652045050385297,0.0,0.0,0.0,100000.0,95171.75114100408,100000.0,0.0,20,60
688017.SH,2025-07-11,118.08,123.85,117.88,121.89,118.86,3.03,2.5492,53533.1,649293.954,TASK1/data/688017.SH_daily_20250629_20260629.csv,绿的谐波,,,0.0,0,0.0,0.0254921756688542,0.0,0.0,0.0,100000.0,97597.88613980304,100000.0,0.0,20,60
688017.SH,2025-07-14,123.49,126.0,121.99,124.72,121.89,2.83,2.3218,54537.09,677249.157,TASK1/data/688017.SH_daily_20250629_20260629.csv,绿的谐波,,,0.0,0,0.0,0.02321765526294195,0.0,0.0,0.0,100000.0,99863.88021458885,100000.0,0.0,20,60
688017.SH,2025-07-15,125.0,125.27,122.25,124.4,124.72,-0.32,-0.2566,40596.84,502460.992,TASK1/data/688017.SH_daily_20250629_20260629.csv,绿的谐波,,,0.0,0,0.0,-0.0025657472738934706,0.0,0.0,-0.0,100000.0,99607.65473616784,100000.0,0.0,20,60
688017.SH,2025-07-16,124.5,129.2,123.74,126.39,124.4,1.99,1.5997,57714.24,730993.85,TASK1/data/688017.SH_daily_20250629_20260629.csv,绿的谐波,,,0.0,0,0.0,0.015996784565916355,0.0,0.0,0.0,100000.0,101201.0569300985,100000.0,0.0,20,60
688017.SH,2025-07-17,125.0,130.88,124.61,129.01,126.39,2.62,2.0729,63789.16,819461.39,TASK1/data/688017.SH_daily_20250629_20260629.csv,绿的谐波,,,0.0,0,0.0,0.020729488092412263,0.0,0.0,0.0,100000.0,103298.90303467051,100000.0,0.0,20,60
688017.SH,2025-07-18,130.3,130.97,127.6,128.89,129.01,-0.12,-0.093,39427.96,507695.449,TASK1/data/688017.SH_daily_20250629_20260629.csv,绿的谐波,,,0.0,0,0.0,-0.0009301604526781304,0.0,0.0,-0.0,100000.0,103202.81848026262,100000.0,0.0,20,60
688017.SH,2025-07-21,132.1,138.0,130.78,134.67,128.89,5.78,4.4844,82439.32,1109577.228,TASK1/data/688017.SH_daily_20250629_20260629.csv,绿的谐波,,,0.0,0,0.0,0.04484444099619833,0.0,0.0,0.0,100000.0,107830.89118424214,100000.0,0.0,20,60
688017.SH,2025-07-22,133.0,133.6,130.0,130.4,134.67,-4.27,-3.1707,59281.27,778161.76,TASK1/data/688017.SH_daily_20250629_20260629.csv,绿的谐波,,,0.0,0,0.0,-0.03170713596198105,0.0,0.0,-0.0,100000.0,104411.88245656178,100000.0,0.0,20,60
688017.SH,2025-07-23,128.8,130.75,128.03,128.8,130.4,-1.6,-1.227,42124.08,544561.596,TASK1/data/688017.SH_daily_20250629_20260629.csv,绿的谐波,,,0.0,0,0.0,-0.012269938650306678,0.0,0.0,-0.0,100000.0,103130.75506445675,100000.0,0.0,20,60
688017.SH,2025-07-24,128.88,131.67,128.88,130.29,128.8,1.49,1.1568,38988.43,509077.837,TASK1/data/688017.SH_daily_20250629_20260629.csv,绿的谐波,,,0.0,0,0.0,0.011568322981366341,0.0,0.0,0.0,100000.0,104323.80494835456,100000.0,0.0,20,60
688017.SH,2025-07-25,130.8,130.87,128.3,130.45,130.29,0.16,0.1228,32765.0,424467.33,TASK1/data/688017.SH_daily_20250629_20260629.csv,绿的谐波,124.4005,,0.0,0,0.0,0.0012280297797220285,0.0,0.0,0.0,100000.0,104451.91768756506,100000.0,0.0,20,60
688017.SH,2025-07-28,132.35,133.88,129.66,129.83,130.45,-0.62,-0.4753,38738.11,507822.732,TASK1/data/688017.SH_daily_20250629_20260629.csv,绿的谐波,124.64750000000001,,0.0,0,0.0,-0.004752778842468164,0.0,0.0,-0.0,100000.0,103955.48082312438,100000.0,0.0,20,60
688017.SH,2025-07-29,129.0,131.68,128.33,130.4,129.83,0.57,0.439,34905.6,453603.549,TASK1/data/688017.SH_daily_20250629_20260629.csv,绿的谐波,125.01049999999998,,0.0,0,0.0,0.00439035662019549,0.0,0.0,0.0,100000.0,104411.88245656178,100000.0,0.0,20,60
688017.SH,2025-07-30,129.99,130.2,126.54,127.8,130.4,-2.6,-1.9939,38541.86,495303.217,TASK1/data/688017.SH_daily_20250629_20260629.csv,绿的谐波,125.398,,0.0,0,0.0,-0.019938650306748573,0.0,0.0,-0.0,100000.0,102330.05044439108,100000.0,0.0,20,60
688017.SH,2025-07-31,127.75,134.48,127.38,129.66,127.8,1.86,1.4554,68720.4,905182.424,TASK1/data/688017.SH_daily_20250629_20260629.csv,绿的谐波,125.876,,0.0,0,0.0,0.014553990610328693,0.0,0.0,0.0,100000.0,103819.36103771321,100000.0,0.0,20,60
688017.SH,2025-08-01,129.4,131.44,126.17,127.51,129.66,-2.15,-1.6582,40985.44,525241.406,TASK1/data/688017.SH_daily_20250629_20260629.csv,绿的谐波,126.29850000000002,,0.0,0,0.0,-0.016581829399969106,0.0,0.0,-0.0,100000.0,102097.84610457205,100000.0,0.0,20,60
688017.SH,2025-08-04,127.6,134.22,127.15,133.98,127.51,6.47,5.0741,71890.35,948221.199,TASK1/data/688017.SH_daily_20250629_20260629.csv,绿的谐波,127.2415,,0.0,0,0.0,0.05074111834365924,0.0,0.0,0.0,100000.0,107278.40499639684,100000.0,0.0,20,60
688017.SH,2025-08-05,133.98,134.58,132.04,133.99,133.98,0.01,0.0075,43613.84,581716.372,TASK1/data/688017.SH_daily_20250629_20260629.csv,绿的谐波,128.0015,,0.0,0,0.0,7.463800567264478e-05,0.0,0.0,0.0,100000.0,107286.41204259753,100000.0,0.0,20,60
688017.SH,2025-08-06,134.63,142.0,133.07,140.13,133.99,6.14,4.5824,104098.28,1440425.788,TASK1/data/688017.SH_daily_20250629_20260629.csv,绿的谐波,129.1035,,0.0,0,0.0,0.04582431524740649,0.0,0.0,0.0,100000.0,112202.73840980066,100000.0,0.0,20,60
688017.SH,2025-08-07,141.5,141.5,136.54,138.6,140.13,-1.53,-1.0918,60933.37,841816.314,TASK1/data/688017.SH_daily_20250629_20260629.csv,绿的谐波,130.0905,,0.0,0,0.0,-0.010918432883750828,0.0,0.0,-0.0,100000.0,110977.6603411002,100000.0,0.0,20,60
688017.SH,2025-08-08,138.52,138.57,133.8,134.2,138.6,-4.4,-3.1746,45184.26,611307.114,TASK1/data/688017.SH_daily_20250629_20260629.csv,绿的谐波,130.70600000000002,,0.0,0,0.0,-0.031746031746031744,0.0,0.0,-0.0,100000.0,107454.5600128113,100000.0,0.0,20,60
688017.SH,2025-08-11,134.55,138.48,134.21,137.0,134.2,2.8,2.0864,47218.94,644742.638,TASK1/data/688017.SH_daily_20250629_20260629.csv,绿的谐波,131.32,,0.0,0,0.0,0.02086438152011927,0.0,0.0,0.0,100000.0,109696.53294899515,100000.0,0.0,20,60
688017.SH,2025-08-12,136.11,137.5,134.3,137.11,137.0,0.11,0.0803,37341.7,507117.359,TASK1/data/688017.SH_daily_20250629_20260629.csv,绿的谐波,131.95549999999997,,0.0,0,0.0,0.0008029197080292594,0.0,0.0,0.0,100000.0,109784.61045720238,100000.0,0.0,20,60
688017.SH,2025-08-13,137.59,138.79,135.28,138.51,137.11,1.4,1.0211,50319.85,690739.707,TASK1/data/688017.SH_daily_20250629_20260629.csv,绿的谐波,132.5615,,0.0,0,0.0,0.0102107796659614,0.0,0.0,0.0,100000.0,110905.59692529427,100000.0,0.0,20,60
688017.SH,2025-08-14,138.3,140.7,134.5,137.64,138.51,-0.87,-0.6281,71724.48,989427.85,TASK1/data/688017.SH_daily_20250629_20260629.csv,绿的谐波,132.993,,0.0,0,0.0,-0.0062811349361057145,0.0,0.0,-0.0,100000.0,110208.98390583716,100000.0,0.0,20,60
688017.SH,2025-08-15,137.52,149.47,137.02,148.31,137.64,10.67,7.7521,118812.37,1718336.978,TASK1/data/688017.SH_daily_20250629_20260629.csv,绿的谐波,133.964,,0.0,0,0.0,0.07752106945655335,0.0,0.0,0.0,100000.0,118752.50220193774,100000.0,0.0,20,60
688017.SH,2025-08-18,149.66,151.77,145.51,147.46,148.31,-0.85,-0.5731,97263.52,1439180.737,TASK1/data/688017.SH_daily_20250629_20260629.csv,绿的谐波,134.6035,,0.0,0,0.0,-0.00573123862180569,0.0,0.0,-0.0,100000.0,118071.90327488193,100000.0,0.0,20,60
688017.SH,2025-08-19,147.48,154.44,145.68,151.18,147.46,3.72,2.5227,99141.61,1486591.184,TASK1/data/688017.SH_daily_20250629_20260629.csv,绿的谐波,135.6425,,0.0,0,0.0,0.025227180252271886,0.0,0.0,0.0,100000.0,121050.52446152618,100000.0,0.0,20,60
688017.SH,2025-08-20,150.7,150.7,145.47,149.01,151.18,-2.17,-1.4354,74628.5,1104513.594,TASK1/data/688017.SH_daily_20250629_20260629.csv,绿的谐波,136.653,,0.0,0,0.0,-0.01435375049609744,0.0,0.0,-0.0,100000.0,119312.99543598368,100000.0,0.0,20,60
688017.SH,2025-08-21,149.88,150.86,145.08,145.96,149.01,-3.05,-2.0468,58885.4,867932.321,TASK1/data/688017.SH_daily_20250629_20260629.csv,绿的谐波,137.4365,,0.0,0,0.0,-0.020468424937923557,0.0,0.0,-0.0,100000.0,116870.84634478344,100000.0,0.0,20,60
688017.SH,2025-08-22,146.66,150.21,146.21,150.01,145.96,4.05,2.7747,70469.08,1048704.135,TASK1/data/688017.SH_daily_20250629_20260629.csv,绿的谐波,138.41450000000003,,0.0,0,0.0,0.027747328035077956,0.0,0.0,0.0,100000.0,120113.70005604933,100000.0,0.0,20,60
688017.SH,2025-08-25,152.0,159.5,151.55,154.7,150.01,4.69,3.1265,104707.24,1626131.599,TASK1/data/688017.SH_daily_20250629_20260629.csv,绿的谐波,139.658,,0.0,0,0.0,0.03126458236117591,0.0,0.0,0.0,100000.0,123869.00472415728,100000.0,0.0,20,60
688017.SH,2025-08-26,151.98,154.2,151.0,151.75,154.7,-2.95,-1.9069,51492.61,784976.005,TASK1/data/688017.SH_daily_20250629_20260629.csv,绿的谐波,140.7255,,0.0,0,0.0,-0.01906916612798959,0.0,0.0,-0.0,100000.0,121506.92609496358,100000.0,0.0,20,60
688017.SH,2025-08-27,152.0,159.55,148.61,148.66,151.75,-3.09,-2.0362,100962.26,1560592.613,TASK1/data/688017.SH_daily_20250629_20260629.csv,绿的谐波,141.7685,,0.0,0,0.0,-0.020362438220757895,0.0,0.0,-0.0,100000.0,119032.74881896068,100000.0,0.0,20,60
688017.SH,2025-08-28,147.85,151.15,145.66,150.89,148.66,2.23,1.5001,83434.8,1239212.372,TASK1/data/688017.SH_daily_20250629_20260629.csv,绿的谐波,142.83,,0.0,0,0.0,0.015000672675904658,0.0,0.0,0.0,100000.0,120818.3201217071,100000.0,0.0,20,60
688017.SH,2025-08-29,150.5,153.36,146.02,150.76,150.89,-0.13,-0.0862,71921.11,1076278.2,TASK1/data/688017.SH_daily_20250629_20260629.csv,绿的谐波,143.9925,,0.0,0,0.0,-0.000861554775001605,0.0,0.0,-0.0,100000.0,120714.22852109857,100000.0,0.0,20,60
688017.SH,2025-09-01,151.81,154.69,147.77,151.35,150.76,0.59,0.3914,74560.48,1124842.671,TASK1/data/688017.SH_daily_20250629_20260629.csv,绿的谐波,144.861,,0.0,0,0.0,0.003913504908463761,0.0,0.0,0.0,100000.0,121186.6442469373,100000.0,0.0,20,60
688017.SH,2025-09-02,151.29,165.0,144.17,159.69,151.35,8.34,5.5104,165694.38,2550348.531,TASK1/data/688017.SH_daily_20250629_20260629.csv,绿的谐波,146.14600000000002,,0.0,0,0.0,0.05510406342913776,0.0,0.0,0.0,100000.0,127864.5207782849,100000.0,0.0,20,60
688017.SH,2025-09-03,162.0,163.5,152.98,154.45,159.69,-5.24,-3.2814,96510.25,1517453.181,TASK1/data/688017.SH_daily_20250629_20260629.csv,绿的谐波,146.862,,0.0,0,0.0,-0.03281357630408921,0.0,0.0,-0.0,100000.0,123668.82856914085,100000.0,0.0,20,60
688017.SH,2025-09-04,155.0,156.11,142.0,144.05,154.45,-10.4,-6.7336,107220.54,1584861.016,TASK1/data/688017.SH_daily_20250629_20260629.csv,绿的谐波,147.1345,,0.0,0,0.0,-0.06733570734865635,0.0,0.0,-0.0,100000.0,115341.50052045804,100000.0,0.0,20,60
688017.SH,2025-09-05,143.41,147.42,142.08,147.15,144.05,3.1,2.152,72807.41,1059173.997,TASK1/data/688017.SH_daily_20250629_20260629.csv,绿的谐波,147.78199999999998,,0.0,0,0.0,0.02152030544949657,0.0,0.0,0.0,100000.0,117823.68484266158,100000.0,0.0,20,60
688017.SH,2025-09-08,147.65,171.0,147.58,168.7,147.15,21.55,14.6449,179175.43,2953321.142,TASK1/data/688017.SH_daily_20250629_20260629.csv,绿的谐波,149.367,,0.0,0,0.0,0.1464492014950729,0.0,0.0,0.0,100000.0,135078.86940507646,100000.0,0.0,20,60
688017.SH,2025-09-09,167.0,167.0,161.68,162.5,168.7,-6.2,-3.6752,96750.87,1577963.286,TASK1/data/688017.SH_daily_20250629_20260629.csv,绿的谐波,150.6365,,0.0,0,0.0,-0.036751630112625944,0.0,0.0,-0.0,100000.0,130114.5007606694,100000.0,0.0,20,60
688017.SH,2025-09-10,162.49,166.8,160.53,161.48,162.5,-1.02,-0.6277,81414.99,1329375.088,TASK1/data/688017.SH_daily_20250629_20260629.csv,绿的谐波,151.785,,0.0,0,0.0,-0.00627692307692318,0.0,0.0,-0.0,100000.0,129297.78204820241,100000.0,0.0,20,60
688017.SH,2025-09-11,161.79,166.57,159.69,165.88,161.48,4.4,2.7248,99141.79,1625541.941,TASK1/data/688017.SH_daily_20250629_20260629.csv,绿的谐波,153.197,,0.0,0,0.0,0.027247956403269713,0.0,0.0,0.0,100000.0,132820.8823764913,100000.0,0.0,20,60
688017.SH,2025-09-12,168.8,173.0,163.98,166.03,165.88,0.15,0.0904,102291.14,1721812.798,TASK1/data/688017.SH_daily_20250629_20260629.csv,绿的谐波,154.083,,0.0,0,0.0,0.0009042681456474799,0.0,0.0,0.0,100000.0,132940.98806950115,100000.0,0.0,20,60
688017.SH,2025-09-15,165.85,178.0,164.84,171.8,166.03,5.77,3.4753,123406.44,2141262.355,TASK1/data/688017.SH_daily_20250629_20260629.csv,绿的谐波,155.3,,0.0,0,0.0,0.03475275552610979,0.0,0.0,0.0,100000.0,137561.05372728,100000.0,0.0,20,60
688017.SH,2025-09-16,175.0,182.88,171.38,180.39,171.8,8.59,5.0,132726.73,2354033.141,TASK1/data/688017.SH_daily_20250629_20260629.csv,绿的谐波,156.76049999999998,,0.0,0,0.0,0.04999999999999982,0.0,0.0,0.0,100000.0,144439.10641364398,100000.0,0.0,20,60
688017.SH,2025-09-17,180.0,186.69,176.0,179.38,180.39,-1.01,-0.5599,130276.48,2352971.976,TASK1/data/688017.SH_daily_20250629_20260629.csv,绿的谐波,158.279,,0.0,0,0.0,-0.00559897998780412,0.0,0.0,-0.0,100000.0,143630.39474737766,100000.0,0.0,20,60
688017.SH,2025-09-18,182.87,192.68,174.6,182.19,179.38,2.81,1.5665,169568.02,3133363.941,TASK1/data/688017.SH_daily_20250629_20260629.csv,绿的谐波,160.0905,,0.0,0,0.0,0.015665068569517215,0.0,0.0,0.0,100000.0,145880.37472976217,100000.0,0.0,20,60
688017.SH,2025-09-19,177.0,178.0,169.0,169.92,182.19,-12.27,-6.7347,112286.92,1931317.2,TASK1/data/688017.SH_daily_20250629_20260629.csv,绿的谐波,161.08599999999998,141.30033333333333,1.0,1,0.0,-0.06734727482298708,0.0,0.0,-0.0,100000.0,136055.72904155654,100000.0,0.0,20,60
688017.SH,2025-09-22,170.98,172.8,169.58,172.39,169.92,2.47,1.4536,66979.29,1147143.017,TASK1/data/688017.SH_daily_20250629_20260629.csv,绿的谐波,161.9705,142.092,1.0,0,1.0,0.014536252354048873,1.0,0.001,0.013536252354048872,101353.62523540489,138033.46945311868,101353.62523540489,0.0,20,60
688017.SH,2025-09-23,172.88,174.68,166.0,170.54,172.39,-1.85,-1.0731,72200.76,1228267.489,TASK1/data/688017.SH_daily_20250629_20260629.csv,绿的谐波,162.91,142.882,1.0,0,1.0,-0.010731480944370264,0.0,0.0,-0.010731480944370264,100265.95073754831,136552.16590599724,101353.62523540489,-0.010731480944370153,20,60
688017.SH,2025-09-24,168.99,178.88,167.81,178.02,170.54,7.48,4.3861,88635.05,1546758.042,TASK1/data/688017.SH_daily_20250629_20260629.csv,绿的谐波,164.378,143.84816666666666,1.0,0,1.0,0.04386067784683956,0.0,0.0,0.04386067784683956,104663.68330185501,142541.43646408836,104663.68330185501,0.0,20,60
688017.SH,2025-09-25,178.88,180.86,176.01,177.51,178.02,-0.51,-0.2865,64058.33,1142991.459,TASK1/data/688017.SH_daily_20250629_20260629.csv,绿的谐波,165.709,144.80499999999998,1.0,0,1.0,-0.0028648466464443745,0.0,0.0,-0.0028648466464443745,104363.83789974317,142133.07710785486,104663.68330185501,-0.0028648466464443745,20,60
688017.SH,2025-09-26,175.0,177.06,171.35,171.79,177.51,-5.72,-3.2224,46316.54,805536.494,TASK1/data/688017.SH_daily_20250629_20260629.csv,绿的谐波,166.7605,145.68383333333335,1.0,0,1.0,-0.03222353670215761,0.0,0.0,-0.03222353670215761,101000.86593880277,137553.04668107932,104663.68330185501,-0.03499606785754428,20,60
688017.SH,2025-09-29,171.71,180.96,171.05,178.7,171.79,6.91,4.0224,67203.19,1192143.492,TASK1/data/688017.SH_daily_20250629_20260629.csv,绿的谐波,168.128,146.74349999999998,1.0,0,1.0,0.04022352872693413,0.0,0.0,0.04022352872693413,105063.47717133744,143085.915605733,105063.47717133744,0.0,20,60
688017.SH,2025-09-30,179.0,181.88,178.07,180.78,178.7,2.08,1.164,57835.39,1040997.916,TASK1/data/688017.SH_daily_20250629_20260629.csv,绿的谐波,169.1825,147.77666666666667,1.0,0,1.0,0.011639619473978735,0.0,0.0,0.011639619473978735,106286.37606622487,144751.38121546956,106286.37606622487,0.0,20,60
688017.SH,2025-10-09,180.4,183.94,172.02,180.12,180.78,-0.66,-0.3651,70537.49,1270288.805,TASK1/data/688017.SH_daily_20250629_20260629.csv,绿的谐波,170.466,148.8105,1.0,0,1.0,-0.0036508463325588547,0.0,0.0,-0.0036508463325588547,105898.34083996252,144222.91616622623,106286.37606622487,-0.0036508463325588547,20,60
688017.SH,2025-10-10,179.0,185.27,170.42,173.0,180.12,-7.12,-3.9529,71812.72,1266461.774,TASK1/data/688017.SH_daily_20250629_20260629.csv,绿的谐波,171.9135,149.71283333333332,1.0,0,1.0,-0.03952920275371974,0.0,0.0,-0.03952920275371974,101712.26385361713,138521.89927135876,106286.37606622487,-0.04303573404137617,20,60
688017.SH,2025-10-13,160.0,166.5,160.0,164.89,173.0,-8.11,-4.6879,71095.24,1162133.236,TASK1/data/688017.SH_daily_20250629_20260629.csv,绿的谐波,172.8005,150.42950000000002,1.0,0,1.0,-0.04687861271676308,0.0,0.0,-0.04687861271676308,96944.13402787819,132028.18480262626,106286.37606622487,-0.087896891249032,20,60
688017.SH,2025-10-14,167.86,167.86,152.2,153.27,164.89,-11.62,-7.0471,71406.27,1133593.181,TASK1/data/688017.SH_daily_20250629_20260629.csv,绿的谐波,172.029,150.90533333333335,1.0,0,1.0,-0.07047122323973543,0.0,0.0,-0.07047122323973543,90112.36231701676,122723.99711746334,106286.37606622487,-0.15217391304347805,20,60
688017.SH,2025-10-15,153.99,162.82,151.8,160.95,153.27,7.68,5.0108,58419.72,920745.727,TASK1/data/688017.SH_daily_20250629_20260629.csv,绿的谐波,171.9515,151.51449999999997,1.0,0,1.0,0.05010765316108823,0.0,0.0,0.05010765316108823,94627.68131352415,128873.40859956757,106286.37606622487,-0.10969133753733795,20,60
688017.SH,2025-10-16,157.09,158.64,156.0,156.65,160.95,-4.3,-2.6716,32039.68,503735.233,TASK1/data/688017.SH_daily_20250629_20260629.csv,绿的谐波,171.70999999999998,152.01883333333333,1.0,0,1.0,-0.026716371543957673,0.0,0.0,-0.026716371543957673,92099.57302120881,125430.37873328527,106286.37606622487,-0.13347715455249454,20,60
688017.SH,2025-10-17,156.0,158.26,151.95,152.6,156.65,-4.05,-2.5854,38358.29,594035.849,TASK1/data/688017.SH_daily_20250629_20260629.csv,绿的谐波,171.046,152.41199999999998,1.0,0,1.0,-0.025853814235556993,0.0,0.0,-0.025853814235556993,89718.44776914436,122187.52502201936,106286.37606622487,-0.1558800752295606,20,60
688017.SH,2025-10-20,155.65,159.36,152.99,155.68,152.6,3.08,2.0183,46288.59,723100.866,TASK1/data/688017.SH_daily_20250629_20260629.csv,绿的谐波,170.5285,152.8585,1.0,0,1.0,0.020183486238532167,0.0,0.0,0.020183486238532167,91529.27882503535,124653.69525182157,106286.37606622487,-0.13884279234428576,20,60
688017.SH,2025-10-21,156.92,157.81,153.58,156.4,155.68,0.72,0.4625,46831.13,730019.68,TASK1/data/688017.SH_daily_20250629_20260629.csv,绿的谐波,169.7585,153.22066666666666,1.0,0,1.0,0.004624871531346386,0.0,0.0,0.004624871531346386,91952.58998095793,125230.20257826884,106286.37606622487,-0.13486005089058495,20,60
688017.SH,2025-10-22,154.0,157.77,153.0,155.7,156.4,-0.7,-0.4476,32879.98,511193.053,TASK1/data/688017.SH_daily_20250629_20260629.csv,绿的谐波,168.524,153.64233333333334,1.0,0,1.0,-0.004475703324808289,0.0,0.0,-0.004475703324808289,91541.03746825541,124669.70934422288,106286.37606622487,-0.1387321606372386,20,60
688017.SH,2025-10-23,155.0,155.0,150.6,154.51,155.7,-1.19,-0.7643,31369.12,478484.282,TASK1/data/688017.SH_daily_20250629_20260629.csv,绿的谐波,167.28050000000002,154.07083333333333,1.0,0,1.0,-0.00764290301862558,0.0,0.0,-0.00764290301862558,90841.39819666118,123716.87084634475,106286.37606622487,-0.14531474720654924,20,60
688017.SH,2025-10-24,156.1,160.0,156.1,159.5,154.51,4.99,3.2296,41505.64,656575.591,TASK1/data/688017.SH_daily_20250629_20260629.csv,绿的谐波,166.14600000000002,154.55766666666668,1.0,0,1.0,0.03229564429486764,0.0,0.0,0.03229564429486764,93775.17968006898,127712.38690047237,106286.37606622487,-0.11771213629826294,20,60
688017.SH,2025-10-27,161.95,162.88,157.26,160.36,159.5,0.86,0.5392,47831.18,764904.851,TASK1/data/688017.SH_daily_20250629_20260629.csv,绿的谐波,165.66799999999998,155.05616666666666,1.0,0,1.0,0.005391849529780668,0.0,0.0,0.005391849529780668,94280.80133853205,128400.99287372886,106286.37606622487,-0.11295497289523149,20,60
688017.SH,2025-10-28,160.2,163.0,157.7,159.92,160.36,-0.44,-0.2744,52576.21,843389.632,TASK1/data/688017.SH_daily_20250629_20260629.csv,绿的谐波,165.0445,155.55766666666665,1.0,0,1.0,-0.002743826390621318,0.0,0.0,-0.002743826390621318,94022.11118769046,128048.68284089994,106286.37606622487,-0.11538887045027102,20,60
688017.SH,2025-10-29,159.82,161.91,158.1,161.91,159.92,1.99,1.2444,39634.51,633754.04,TASK1/data/688017.SH_daily_20250629_20260629.csv,绿的谐波,164.613,156.08283333333333,1.0,0,1.0,0.012443721860930568,0.0,0.0,0.012443721860930568,95192.09618808757,129642.08503483061,106286.37606622487,-0.10438101559907054,20,60
688017.SH,2025-10-30,161.9,164.09,159.0,159.92,161.91,-1.99,-1.2291,45329.8,729431.084,TASK1/data/688017.SH_daily_20250629_20260629.csv,绿的谐波,163.708,156.61816666666664,1.0,0,1.0,-0.012290778827743876,0.0,0.0,-0.012290778827743876,94022.11118769048,128048.68284089994,106286.37606622487,-0.11538887045027091,20,60
688017.SH,2025-10-31,161.84,167.7,160.66,163.24,159.92,3.32,2.076,64238.73,1056866.208,TASK1/data/688017.SH_daily_20250629_20260629.csv,绿的谐波,162.9945,157.1778333333333,1.0,0,1.0,0.020760380190095074,0.0,0.0,0.020760380190095074,95974.04596222233,130707.02217951792,106286.37606622487,-0.09702400708042902,20,60
688017.SH,2025-11-03,164.88,165.82,158.51,159.5,163.24,-3.74,-2.2911,47838.04,774328.714,TASK1/data/688017.SH_daily_20250629_20260629.csv,绿的谐波,162.38,157.71099999999998,1.0,0,1.0,-0.022911051212938016,0.0,0.0,-0.022911051212938016,93775.17968006898,127712.38690047237,106286.37606622487,-0.11771213629826294,20,60
688017.SH,2025-11-04,159.41,159.44,153.58,154.6,159.5,-4.9,-3.0721,40183.63,625538.326,TASK1/data/688017.SH_daily_20250629_20260629.csv,绿的谐波,161.175,158.05466666666663,1.0,0,1.0,-0.03072100313479631,0.0,0.0,-0.03072100313479631,90894.31209115149,123788.93426215065,106286.37606622487,-0.14481690452483675,20,60
688017.SH,2025-11-05,150.06,153.61,149.09,150.5,154.6,-4.1,-2.652,33500.78,506836.058,TASK1/data/688017.SH_daily_20250629_20260629.csv,绿的谐波,159.661,158.3298333333333,1.0,0,1.0,-0.02652005174644234,0.0,0.0,-0.02652005174644234,88483.79023103688,120506.04531988146,106286.37606622487,-0.16749640446952074,20,60
688017.SH,2025-11-06,153.48,163.68,153.04,160.9,150.5,10.4,6.9103,66975.93,1061683.21,TASK1/data/688017.SH_daily_20250629_20260629.csv,绿的谐波,158.7,158.676,1.0,0,1.0,0.06910299003322273,0.0,0.0,0.06910299003322273,94598.28470547398,128833.37336856432,106286.37606622487,-0.10996791680495599,20,60
688017.SH,2025-11-07,163.8,163.8,156.5,156.53,160.9,-4.37,-2.716,40122.03,634740.902,TASK1/data/688017.SH_daily_20250629_20260629.csv,绿的谐波,157.8765,158.97483333333332,0.0,-1,1.0,-0.027159726538222517,0.0,0.0,-0.027159726538222517,92029.0211618884,125334.2941788774,106286.37606622487,-0.13414094479477778,20,60
688017.SH,2025-11-10,156.6,158.53,151.58,152.52,156.53,-4.01,-2.5618,35231.11,540530.105,TASK1/data/688017.SH_daily_20250629_20260629.csv,绿的谐波,157.25799999999998,159.28016666666664,0.0,0,0.0,-0.02561809237845769,1.0,0.001,-0.001,91936.99214072652,122123.46865241413,106286.37606622487,-0.13500680384998298,20,60
688017.SH,2025-11-11,154.31,154.86,149.22,150.05,152.52,-2.47,-1.6195,30483.73,462183.566,TASK1/data/688017.SH_daily_20250629_20260629.csv,绿的谐波,157.097,159.49766666666665,0.0,0,0.0,-0.016194597429845303,0.0,0.0,-0.0,91936.99214072652,120145.72824085194,106286.37606622487,-0.13500680384998298,20,60
688017.SH,2025-11-12,151.2,152.82,145.88,146.92,150.05,-3.13,-2.086,38575.93,573754.486,TASK1/data/688017.SH_daily_20250629_20260629.csv,绿的谐波,156.3955,159.66116666666667,0.0,0,0.0,-0.020859713428857174,0.0,0.0,-0.0,91936.99214072652,117639.52278004642,106286.37606622487,-0.13500680384998298,20,60
688017.SH,2025-11-13,146.08,149.29,145.0,147.8,146.92,0.88,0.599,27100.78,400004.253,TASK1/data/688017.SH_daily_20250629_20260629.csv,绿的谐波,155.95300000000003,159.816,0.0,0,0.0,0.005989654233596653,0.0,0.0,0.0,91936.99214072652,118344.1428457042,106286.37606622487,-0.13500680384998298,20,60
688017.SH,2025-11-14,145.98,147.2,143.46,143.79,147.8,-4.01,-2.7131,25293.27,367258.483,TASK1/data/688017.SH_daily_20250629_20260629.csv,绿的谐波,155.5125,159.91849999999997,0.0,0,0.0,-0.027131258457374963,0.0,0.0,-0.0,91936.99214072652,115133.3173192409,106286.37606622487,-0.13500680384998298,20,60
688017.SH,2025-11-17,143.5,146.51,143.01,144.77,143.79,0.98,0.6815,19599.64,284254.204,TASK1/data/688017.SH_daily_20250629_20260629.csv,绿的谐波,154.967,159.8595,0.0,0,0.0,0.0068154948188332565,0.0,0.0,0.0,91936.99214072652,115918.00784690527,106286.37606622487,-0.13500680384998298,20,60
688017.SH,2025-11-18,144.48,147.0,143.22,146.12,144.77,1.35,0.9325,23383.54,340714.848,TASK1/data/688017.SH_daily_20250629_20260629.csv,绿的谐波,154.453,159.83716666666666,0.0,0,0.0,0.009325136423292024,0.0,0.0,0.0,91936.99214072652,116998.95908399389,106286.37606622487,-0.13500680384998298,20,60
688017.SH,2025-11-19,145.8,147.38,143.57,143.88,146.12,-2.24,-1.533,20535.6,297776.517,TASK1/data/688017.SH_daily_20250629_20260629.csv,绿的谐波,153.86200000000002,159.7155,0.0,0,0.0,-0.015329865863673797,0.0,0.0,-0.0,91936.99214072652,115205.3807350468,106286.37606622487,-0.13500680384998298,20,60
688017.SH,2025-11-20,145.79,146.48,141.9,141.92,143.88,-1.96,-1.3622,22275.94,319878.744,TASK1/data/688017.SH_daily_20250629_20260629.csv,绿的谐波,153.2325,159.59733333333332,0.0,0,0.0,-0.0136224631637476,0.0,0.0,-0.0,91936.99214072652,113635.99967971811,106286.37606622487,-0.13500680384998298,20,60
688017.SH,2025-11-21,140.3,146.46,139.62,143.35,141.92,1.43,1.0076,42801.31,613657.585,TASK1/data/688017.SH_daily_20250629_20260629.csv,绿的谐波,152.425,159.55383333333333,0.0,0,0.0,0.010076099210823086,0.0,0.0,0.0,91936.99214072652,114781.007286412,106286.37606622487,-0.13500680384998298,20,60
688017.SH,2025-11-24,143.81,148.0,140.5,145.51,143.35,2.16,1.5068,36053.16,519310.285,TASK1/data/688017.SH_daily_20250629_20260629.csv,绿的谐波,151.6825,159.47883333333337,0.0,0,0.0,0.015068015347052599,0.0,0.0,0.0,91936.99214072652,116510.52926575382,106286.37606622487,-0.13500680384998298,20,60
688017.SH,2025-11-25,147.0,147.71,143.53,143.71,145.51,-1.8,-1.237,42573.37,619582.563,TASK1/data/688017.SH_daily_20250629_20260629.csv,绿的谐波,150.872,159.29566666666668,0.0,0,0.0,-0.012370283829289952,0.0,0.0,-0.0,91936.99214072652,115069.26094963566,106286.37606622487,-0.13500680384998298,20,60
688017.SH,2025-11-26,142.8,146.68,141.9,145.31,143.71,1.6,1.1134,33433.77,485260.795,TASK1/data/688017.SH_daily_20250629_20260629.csv,绿的谐波,150.04199999999997,159.18833333333333,0.0,0,0.0,0.011133532809129543,0.0,0.0,0.0,91936.99214072652,116350.38834174072,106286.37606622487,-0.13500680384998298,20,60
688017.SH,2025-11-27,145.01,147.55,144.2,144.8,145.31,-0.51,-0.351,27959.64,407693.571,TASK1/data/688017.SH_daily_20250629_20260629.csv,绿的谐波,149.286,159.124,0.0,0,0.0,-0.0035097378019406378,0.0,0.0,-0.0,91936.99214072652,115942.02898550723,106286.37606622487,-0.13500680384998298,20,60
688017.SH,2025-11-28,144.4,147.35,143.0,146.93,144.8,2.13,1.471,32613.73,475005.953,TASK1/data/688017.SH_daily_20250629_20260629.csv,绿的谐波,148.4705,159.05800000000002,0.0,0,0.0,0.01470994475138121,0.0,0.0,0.0,91936.99214072652,117647.52982624709,106286.37606622487,-0.13500680384998298,20,60
688017.SH,2025-12-01,146.71,149.9,146.53,149.9,146.93,2.97,2.0214,35684.79,529618.461,TASK1/data/688017.SH_daily_20250629_20260629.csv,绿的谐波,147.9905,159.04366666666667,0.0,0,0.0,0.020213707207513698,0.0,0.0,0.0,91936.99214072652,120025.62254784208,106286.37606622487,-0.13500680384998298,20,60
688017.SH,2025-12-02,149.97,149.97,144.12,144.39,149.9,-5.51,-3.6758,34518.87,504531.019,TASK1/data/688017.SH_daily_20250629_20260629.csv,绿的谐波,147.48,158.92766666666665,0.0,0,0.0,-0.03675783855903947,0.0,0.0,-0.0,91936.99214072652,115613.7400912803,106286.37606622487,-0.13500680384998298,20,60
688017.SH,2025-12-03,144.92,145.98,142.86,145.45,144.39,1.06,0.7341,19869.36,285857.045,TASK1/data/688017.SH_daily_20250629_20260629.csv,绿的谐波,147.22750000000002,158.69033333333334,0.0,0,0.0,0.00734122861694031,0.0,0.0,0.0,91936.99214072652,116462.4869885499,106286.37606622487,-0.13500680384998298,20,60
688017.SH,2025-12-04,150.0,157.66,149.32,153.21,145.45,7.76,5.3352,93297.52,1429965.349,TASK1/data/688017.SH_daily_20250629_20260629.csv,绿的谐波,146.84300000000002,158.66966666666667,0.0,0,0.0,0.053351667239601275,0.0,0.0,0.0,91936.99214072652,122675.95484025942,106286.37606622487,-0.13500680384998298,20,60
688017.SH,2025-12-05,152.0,157.5,151.43,157.49,153.21,4.28,2.7936,60830.22,944534.89,TASK1/data/688017.SH_daily_20250629_20260629.csv,绿的谐波,146.89100000000002,158.89366666666666,0.0,0,0.0,0.02793551334769262,0.0,0.0,0.0,91936.99214072652,126102.97061414042,106286.37606622487,-0.13500680384998298,20,60
688017.SH,2025-12-08,157.32,159.8,155.07,158.92,157.49,1.43,0.908,58745.64,926072.651,TASK1/data/688017.SH_daily_20250629_20260629.csv,绿的谐波,147.211,159.08983333333333,0.0,0,0.0,0.009079941583592488,0.0,0.0,0.0,91936.99214072652,127247.9782208343,106286.37606622487,-0.13500680384998298,20,60
688017.SH,2025-12-09,157.11,160.77,156.61,157.79,158.92,-1.13,-0.711,39424.23,625333.051,TASK1/data/688017.SH_daily_20250629_20260629.csv,绿的谐波,147.598,158.908,0.0,0,0.0,-0.007110495846966991,0.0,0.0,-0.0,91936.99214072652,126343.1820001601,106286.37606622487,-0.13500680384998298,20,60
688017.SH,2025-12-10,156.61,158.94,156.13,158.27,157.79,0.48,0.3042,32530.9,512490.126,TASK1/data/688017.SH_daily_20250629_20260629.csv,绿的谐波,148.1655,158.8375,0.0,0,0.0,0.003042017871855096,0.0,0.0,0.0,91936.99214072652,126727.52021779164,106286.37606622487,-0.13500680384998298,20,60
688017.SH,2025-12-11,158.19,158.9,153.8,153.84,158.27,-4.43,-2.799,40635.61,633183.616,TASK1/data/688017.SH_daily_20250629_20260629.csv,绿的谐波,148.4675,158.71016666666665,0.0,0,0.0,-0.027990143425791425,0.0,0.0,-0.0,91936.99214072652,123180.39875090077,106286.37606622487,-0.13500680384998298,20,60
688017.SH,2025-12-12,153.29,155.0,150.79,153.5,153.84,-0.34,-0.221,51119.9,781812.194,TASK1/data/688017.SH_daily_20250629_20260629.csv,绿的谐波,148.953,158.50383333333332,0.0,0,0.0,-0.0022100884035362034,0.0,0.0,-0.0,91936.99214072652,122908.15918007842,106286.37606622487,-0.13500680384998298,20,60
688017.SH,2025-12-15,153.0,157.77,152.2,153.67,153.5,0.17,0.1107,42062.12,656366.202,TASK1/data/688017.SH_daily_20250629_20260629.csv,绿的谐波,149.398,158.29783333333333,0.0,0,0.0,0.0011074918566773562,0.0,0.0,0.0,91936.99214072652,123044.27896548958,106286.37606622487,-0.13500680384998298,20,60
688017.SH,2025-12-16,152.99,155.35,149.9,150.68,153.67,-2.99,-1.9457,26722.6,405223.24,TASK1/data/688017.SH_daily_20250629_20260629.csv,绿的谐波,149.626,157.94583333333333,0.0,0,0.0,-0.0194572785839785,0.0,0.0,-0.0,91936.99214072652,120650.17215149327,106286.37606622487,-0.13500680384998298,20,60
688017.SH,2025-12-17,151.0,155.0,150.03,154.66,150.68,3.98,2.6414,29266.69,447009.752,TASK1/data/688017.SH_daily_20250629_20260629.csv,绿的谐波,150.165,157.51699999999997,0.0,0,0.0,0.02641359171754698,0.0,0.0,0.0,91936.99214072652,123836.97653935457,106286.37606622487,-0.13500680384998298,20,60
688017.SH,2025-12-18,152.17,156.22,151.48,151.76,154.66,-2.9,-1.8751,26082.51,400212.27,TASK1/data/688017.SH_daily_20250629_20260629.csv,绿的谐波,150.657,157.05666666666667,0.0,0,0.0,-0.018750808224492488,0.0,0.0,-0.0,91936.99214072652,121514.93314116415,106286.37606622487,-0.13500680384998298,20,60
688017.SH,2025-12-19,152.9,156.28,152.9,154.14,151.76,2.38,1.5683,28150.9,435608.737,TASK1/data/688017.SH_daily_20250629_20260629.csv,绿的谐波,151.1965,156.58916666666664,0.0,0,0.0,0.01568265682656822,0.0,0.0,0.0,91936.99214072652,123420.61013692041,106286.37606622487,-0.13500680384998298,20,60
688017.SH,2025-12-22,157.27,160.85,155.15,159.35,154.14,5.21,3.38,52834.05,835792.041,TASK1/data/688017.SH_daily_20250629_20260629.csv,绿的谐波,151.8885,156.41299999999998,0.0,0,0.0,0.03380044115738934,0.0,0.0,0.0,91936.99214072652,127592.28120746247,106286.37606622487,-0.13500680384998298,20,60
688017.SH,2025-12-23,159.24,159.24,155.6,156.35,159.35,-3.0,-1.8826,33407.95,525159.897,TASK1/data/688017.SH_daily_20250629_20260629.csv,绿的谐波,152.5205,156.14566666666667,0.0,0,0.0,-0.018826482585503568,0.0,0.0,-0.0,91936.99214072652,125190.1673472655,106286.37606622487,-0.13500680384998298,20,60
688017.SH,2025-12-24,156.38,159.96,155.6,159.75,156.35,3.4,2.1746,34221.73,540888.178,TASK1/data/688017.SH_daily_20250629_20260629.csv,绿的谐波,153.2425,155.9658333333333,0.0,0,0.0,0.02174608250719534,0.0,0.0,0.0,91936.99214072652,127912.56305548873,106286.37606622487,-0.13500680384998298,20,60
688017.SH,2025-12-25,160.89,170.0,159.82,167.24,159.75,7.49,4.6886,72028.71,1191681.63,TASK1/data/688017.SH_daily_20250629_20260629.csv,绿的谐波,154.3645,155.78616666666667,0.0,0,0.0,0.046885758998435056,0.0,0.0,0.0,91936.99214072652,133909.8406597805,106286.37606622487,-0.13500680384998298,20,60
688017.SH,2025-12-26,167.2,172.0,165.2,169.48,167.24,2.24,1.3394,61369.79,1032276.575,TASK1/data/688017.SH_daily_20250629_20260629.csv,绿的谐波,155.49200000000002,155.65233333333333,0.0,0,0.0,0.013393924898349452,0.0,0.0,0.0,91936.99214072652,135703.41900872753,106286.37606622487,-0.13500680384998298,20,60
688017.SH,2025-12-29,168.42,179.45,168.11,175.01,169.48,5.53,3.2629,83248.97,1451660.766,TASK1/data/688017.SH_daily_20250629_20260629.csv,绿的谐波,156.7475,155.706,1.0,1,0.0,0.03262921878687752,0.0,0.0,0.0,91936.99214072652,140131.31555769063,106286.37606622487,-0.13500680384998298,20,60
688017.SH,2025-12-30,172.02,200.0,171.5,191.1,175.01,16.09,9.1938,149692.73,2760467.222,TASK1/data/688017.SH_daily_20250629_20260629.csv,绿的谐波,159.083,155.91266666666667,1.0,0,1.0,0.09193760356551062,1.0,0.001,0.09093760356551062,100297.52188502539,153014.65289454706,106286.37606622487,-0.056346395491628676,20,60
688017.SH,2025-12-31,191.07,196.52,185.21,192.1,191.1,1.0,0.5233,112156.56,2145182.213,TASK1/data/688017.SH_daily_20250629_20260629.csv,绿的谐波,161.4155,156.10133333333334,1.0,0,1.0,0.005232862375719627,0.0,0.0,0.005232862375719627,100822.36501367546,153815.35751461273,106286.37606622487,-0.051408386048884536,20,60
688017.SH,2026-01-05,187.5,196.0,187.03,191.06,192.1,-1.04,-0.5414,100185.97,1917090.78,TASK1/data/688017.SH_daily_20250629_20260629.csv,绿的谐波,163.308,156.28366666666668,1.0,0,1.0,-0.005413846954711032,0.0,0.0,-0.005413846954711032,100276.5281598794,152982.62470974444,106286.37606622487,-0.05654391586933827,20,60
688017.SH,2026-01-06,191.36,203.77,191.36,199.8,191.06,8.74,4.5745,112850.29,2219699.366,TASK1/data/688017.SH_daily_20250629_20260629.csv,绿的谐波,165.4235,156.73033333333336,1.0,0,1.0,0.045744792211870555,0.0,0.0,0.045744792211870555,104863.65710428086,159980.78308911828,106286.37606622487,-0.013385713339756133,20,60
688017.SH,2026-01-07,195.0,198.66,189.18,190.88,199.8,-8.92,-4.4645,108176.58,2087339.2,TASK1/data/688017.SH_daily_20250629_20260629.csv,绿的谐波,167.0215,157.1635,1.0,0,1.0,-0.04464464464464468,0.0,0.0,-0.04464464464464468,100182.05639672237,152838.4978781326,106286.37606622487,-0.05743275756903232,20,60
688017.SH,2026-01-08,189.0,194.66,188.0,191.0,190.88,0.12,0.0629,69907.9,1340199.411,TASK1/data/688017.SH_daily_20250629_20260629.csv,绿的谐波,168.682,157.79233333333332,1.0,0,1.0,0.0006286672254820491,0.0,0.0,0.0006286672254820491,100245.03757216039,152934.58243254048,106286.37606622487,-0.05684019643590299,20,60
688017.SH,2026-01-09,190.0,199.77,190.0,195.7,191.0,4.7,2.4607,87825.44,1720297.801,TASK1/data/688017.SH_daily_20250629_20260629.csv,绿的谐波,170.5535,158.37150000000003,1.0,0,1.0,0.024607329842931902,0.0,0.0,0.024607329842931902,102711.80027681563,156697.89414684908,106286.37606622487,-0.03363155205500645,20,60
688017.SH,2026-01-12,196.08,199.88,191.83,198.0,195.7,2.3,1.1753,94856.33,1861843.822,TASK1/data/688017.SH_daily_20250629_20260629.csv,绿的谐波,172.7615,159.0606666666667,1.0,0,1.0,0.011752682677567794,0.0,0.0,0.011752682677567794,103918.93947271076,158539.5147730001,106286.37606622487,-0.02227413033669534,20,60
688017.SH,2026-01-13,197.88,215.24,195.0,205.0,198.0,7.0,3.5354,143387.71,2975491.459,TASK1/data/688017.SH_daily_20250629_20260629.csv,绿的谐波,175.3365,159.93400000000003,1.0,0,1.0,0.03535353535353525,0.0,0.0,0.03535353535353525,107592.84137326112,164144.44711345967,107592.84137326112,0.0,20,60
688017.SH,2026-01-14,203.0,220.66,198.6,200.0,205.0,-5.0,-2.439,145357.15,3024784.175,TASK1/data/688017.SH_daily_20250629_20260629.csv,绿的谐波,177.653,160.6726666666667,1.0,0,1.0,-0.024390243902439046,0.0,0.0,-0.024390243902439046,104968.62573001084,160140.92401313139,107592.84137326112,-0.024390243902439157,20,60
688017.SH,2026-01-15,199.6,205.8,195.08,200.87,200.0,0.87,0.435,99746.3,1988296.026,TASK1/data/688017.SH_daily_20250629_20260629.csv,绿的谐波,180.1625,161.41383333333334,1.0,0,1.0,0.004350000000000076,0.0,0.0,0.004350000000000076,105425.23925193641,160837.53703258853,107592.84137326112,-0.02014634146341454,20,60
688017.SH,2026-01-16,201.03,228.66,201.03,220.5,200.87,19.63,9.7725,156545.63,3395532.602,TASK1/data/688017.SH_daily_20250629_20260629.csv,绿的谐波,183.4545,162.49383333333333,1.0,0,1.0,0.0977248966993578,0.0,0.0,0.0977248966993578,115727.90986733699,176555.36872447736,115727.90986733699,0.0,20,60
688017.SH,2026-01-19,223.0,224.92,213.8,214.35,220.5,-6.15,-2.7891,117041.39,2555126.275,TASK1/data/688017.SH_daily_20250629_20260629.csv,绿的谐波,186.584,163.49116666666666,1.0,0,1.0,-0.02789115646258511,0.0,0.0,-0.02789115646258511,112500.12462613914,171631.03531107356,115727.90986733699,-0.02789115646258522,20,60
688017.SH,2026-01-20,214.42,223.3,212.61,216.44,214.35,2.09,0.975,91895.86,1993758.519,TASK1/data/688017.SH_daily_20250629_20260629.csv,绿的谐波,189.699,164.44016666666667,1.0,0,1.0,0.009750408210870143,0.0,0.0,0.009750408210870143,113597.04676501776,173304.50796701078,115727.90986733699,-0.018412698412698436,20,60
688017.SH,2026-01-21,212.78,219.97,210.5,215.0,216.44,-1.44,-0.6653,78433.63,1683120.643,TASK1/data/688017.SH_daily_20250629_20260629.csv,绿的谐波,192.4815,165.35083333333336,1.0,0,1.0,-0.006653114026982099,0.0,0.0,-0.006653114026982099,112841.27265976167,172151.49331411623,115727.90986733699,-0.024943310657596474,20,60
688017.SH,2026-01-22,216.0,221.03,207.89,211.7,215.0,-3.3,-1.5349,81840.67,1747403.218,TASK1/data/688017.SH_daily_20250629_20260629.csv,绿的谐波,195.249,166.21383333333333,1.0,0,1.0,-0.015348837209302357,0.0,0.0,-0.015348837209302357,111109.29033521649,169509.16806789956,115727.90986733699,-0.0399092970521544,20,60
688017.SH,2026-01-23,211.5,224.5,211.5,216.21,211.7,4.51,2.1304,80359.23,1746396.58,TASK1/data/688017.SH_daily_20250629_20260629.csv,绿的谐波,198.072,167.11883333333336,1.0,0,1.0,0.021303731695796024,0.0,0.0,0.021303731695796024,113476.33284542825,173120.34590439568,115727.90986733699,-0.01945578231292522,20,60
688017.SH,2026-01-26,225.0,229.68,203.68,204.4,216.21,-11.81,-5.4623,115530.23,2462211.59,TASK1/data/688017.SH_daily_20250629_20260629.csv,绿的谐波,199.93,167.8601666666667,1.0,0,1.0,-0.05462282040608668,0.0,0.0,-0.05462282040608668,107277.93549607109,163664.0243414203,115727.90986733699,-0.0730158730158732,20,60
688017.SH,2026-01-27,203.7,224.1,200.94,221.0,204.4,16.6,8.1213,125591.32,2657945.783,TASK1/data/688017.SH_daily_20250629_20260629.csv,绿的谐波,202.506,168.82283333333334,1.0,0,1.0,0.08121330724070441,0.0,0.0,0.08121330724070441,115990.331431662,176955.72103451018,115990.331431662,0.0,20,60
688017.SH,2026-01-28,218.0,219.88,208.89,210.54,221.0,-10.46,-4.733,80315.96,1709290.222,TASK1/data/688017.SH_daily_20250629_20260629.csv,绿的谐波,204.2825,169.67350000000002,1.0,0,1.0,-0.047330316742081435,0.0,0.0,-0.047330316742081435,110500.47230598243,168580.35070862342,115990.331431662,-0.047330316742081435,20,60
688017.SH,2026-01-29,210.4,224.22,210.2,212.46,210.54,1.92,0.9119,91245.65,1985136.211,TASK1/data/688017.SH_daily_20250629_20260629.csv,绿的谐波,205.3505,170.63783333333333,1.0,0,1.0,0.009119407238529664,0.0,0.0,0.009119407238529664,111508.17111299056,170117.7035791495,115990.331431662,-0.03864253393665129,20,60
688017.SH,2026-01-30,212.96,241.98,205.12,229.0,212.46,16.54,7.785,147291.4,3267485.728,TASK1/data/688017.SH_daily_20250629_20260629.csv,绿的谐波,207.19549999999998,171.94616666666667,1.0,0,1.0,0.07784994822554836,0.0,0.0,0.07784994822554836,120189.07646086246,183361.35799503548,120189.07646086246,0.0,20,60
688017.SH,2026-02-02,226.0,232.28,216.28,219.28,229.0,-9.72,-4.2445,113605.5,2533922.586,TASK1/data/688017.SH_daily_20250629_20260629.csv,绿的谐波,208.6065,172.91916666666668,1.0,0,1.0,-0.04244541484716158,0.0,0.0,-0.04244541484716158,115087.60125038393,175578.50908799728,120189.07646086246,-0.04244541484716158,20,60
688017.SH,2026-02-03,220.54,230.0,216.0,224.99,219.28,5.71,2.604,110344.82,2478793.128,TASK1/data/688017.SH_daily_20250629_20260629.csv,绿的谐波,209.86600000000004,174.06016666666667,1.0,0,1.0,0.026039766508573647,0.0,0.0,0.026039766508573647,118084.45551497575,180150.5324685722,120189.07646086246,-0.01751091703056762,20,60
688017.SH,2026-02-04,221.56,223.99,212.5,216.51,224.99,-8.48,-3.7691,87283.59,1890596.781,TASK1/data/688017.SH_daily_20250629_20260629.csv,绿的谐波,211.14749999999998,175.12666666666667,1.0,0,1.0,-0.037690564025067874,0.0,0.0,-0.037690564025067874,113633.78578402328,173360.55729041543,120189.07646086246,-0.054541484716157274,20,60
688017.SH,2026-02-05,210.0,211.82,202.8,205.12,216.51,-11.39,-5.2607,80441.67,1658421.489,TASK1/data/688017.SH_daily_20250629_20260629.csv,绿的谐波,211.8535,176.0445,1.0,0,1.0,-0.052607269872061324,0.0,0.0,-0.052607269872061324,107655.82254869916,164240.5316678676,120189.07646086246,-0.10427947598253273,20,60
688017.SH,2026-02-06,202.0,224.68,198.48,217.4,205.12,12.28,5.9867,122211.14,2616926.611,TASK1/data/688017.SH_daily_20250629_20260629.csv,绿的谐波,212.93849999999998,177.21916666666667,1.0,0,1.0,0.059867394695787945,0.0,0.0,0.059867394695787945,114100.89616852184,174073.18440227385,120189.07646086246,-0.05065502183406101,20,60
688017.SH,2026-02-09,221.0,227.0,215.5,226.12,217.4,8.72,4.011,88915.46,1970498.504,TASK1/data/688017.SH_daily_20250629_20260629.csv,绿的谐波,214.34449999999998,178.5245,1.0,0,1.0,0.04011039558417662,0.0,0.0,0.04011039558417662,118677.52825035031,181055.32868924638,120189.07646086246,-0.012576419213973677,20,60
688017.SH,2026-02-10,226.5,233.78,225.0,229.0,226.12,2.88,1.2737,82858.95,1897416.604,TASK1/data/688017.SH_daily_20250629_20260629.csv,绿的谐波,215.54449999999997,179.94466666666668,1.0,0,1.0,0.012736600035379464,0.0,0.0,0.012736600035379464,120189.07646086247,183361.35799503548,120189.07646086247,0.0,20,60
688017.SH,2026-02-11,228.0,236.8,225.01,228.8,229.0,-0.2,-0.0873,61530.46,1416120.489,TASK1/data/688017.SH_daily_20250629_20260629.csv,绿的谐波,216.98449999999997,181.34516666666664,1.0,0,1.0,-0.0008733624454148048,0.0,0.0,-0.0008733624454148048,120084.10783513248,183201.21707102234,120189.07646086247,-0.0008733624454146938,20,60
688017.SH,2026-02-12,230.51,237.66,229.79,234.48,228.8,5.68,2.4825,73563.79,1720232.303,TASK1/data/688017.SH_daily_20250629_20260629.csv,绿的谐波,218.66500000000002,182.81783333333337,1.0,0,1.0,0.024825174825174656,0.0,0.0,0.024825174825174656,123065.21680586478,187749.21931299524,123065.21680586478,0.0,20,60
688017.SH,2026-02-13,231.0,242.53,228.25,242.38,234.48,7.9,3.3692,99918.58,2373978.672,TASK1/data/688017.SH_daily_20250629_20260629.csv,绿的谐波,219.75900000000001,184.4595,1.0,0,1.0,0.0336915728420335,0.0,0.0,0.0336915728420335,127211.4775222002,194074.78581151395,127211.4775222002,0.0,20,60
688017.SH,2026-02-24,242.42,248.42,226.0,232.7,242.38,-9.68,-3.9937,130951.59,3086510.608,TASK1/data/688017.SH_daily_20250629_20260629.csv,绿的谐波,220.67649999999998,185.9725,1.0,0,1.0,-0.03993728855516132,0.0,0.0,-0.03993728855516132,122130.99603686768,186323.96508927838,127211.4775222002,-0.03993728855516132,20,60
688017.SH,2026-02-25,228.05,237.88,223.01,236.6,232.7,3.9,1.676,94006.93,2157291.295,TASK1/data/688017.SH_daily_20250629_20260629.csv,绿的谐波,221.68449999999999,187.52666666666664,1.0,0,1.0,0.016759776536312776,0.0,0.0,0.016759776536312776,124177.88423860287,189446.71310753442,127211.4775222002,-0.023846852050499412,20,60
688017.SH,2026-02-26,233.0,243.95,230.9,237.03,236.6,0.43,0.1817,87770.45,2091416.355,TASK1/data/688017.SH_daily_20250629_20260629.csv,绿的谐波,222.786,189.052,1.0,0,1.0,0.0018174133558748196,0.0,0.0,0.0018174133558748196,124403.56678392239,189791.01609416265,127211.4775222002,-0.022072778282036687,20,60
688017.SH,2026-02-27,233.0,237.9,229.3,232.37,237.03,-4.66,-1.966,57213.52,1335099.684,TASK1/data/688017.SH_daily_20250629_20260629.csv,绿的谐波,223.8195,190.52966666666669,1.0,0,1.0,-0.01965995865502257,0.0,0.0,-0.01965995865502257,121957.79780441313,186059.73256465668,127211.4775222002,-0.04129878702863299,20,60
688017.SH,2026-03-02,224.0,235.0,222.35,227.55,232.37,-4.82,-2.0743,84157.9,1913594.894,TASK1/data/688017.SH_daily_20250629_20260629.csv,绿的谐波,224.3865,191.90033333333335,1.0,0,1.0,-0.02074278090975601,0.0,0.0,-0.02074278090975601,119428.05392431987,182200.33629594021,127211.4775222002,-0.06118491624721534,20,60
688017.SH,2026-03-03,226.9,229.0,209.05,209.58,227.55,-17.97,-7.8972,104316.82,2260971.692,TASK1/data/688017.SH_daily_20250629_20260629.csv,绿的谐波,224.6455,192.98,1.0,0,1.0,-0.07897165458141064,0.0,0.0,-0.07897165458141064,109996.6229024784,167811.67427336038,127211.4775222002,-0.1353246967571583,20,60
688017.SH,2026-03-04,208.91,214.88,208.91,211.2,209.58,1.62,0.773,58432.72,1241869.454,TASK1/data/688017.SH_daily_20250629_20260629.csv,绿的谐波,224.1555,194.05116666666666,1.0,0,1.0,0.007729745204694938,0.0,0.0,0.007729745204694938,110846.86877089147,169108.8157578667,127211.4775222002,-0.1286409769782989,20,60
688017.SH,2026-03-05,217.95,218.18,211.66,212.99,211.2,1.79,0.8475,44026.24,946779.48,TASK1/data/688017.SH_daily_20250629_20260629.csv,绿的谐波,224.27799999999996,195.10266666666666,1.0,0,1.0,0.008475378787878851,0.0,0.0,0.008475378787878851,111786.33797117507,170542.07702778422,127211.4775222002,-0.12125587919795389,20,60
688017.SH,2026-03-06,212.66,216.88,211.69,212.45,212.99,-0.54,-0.2535,35822.47,766749.533,TASK1/data/688017.SH_daily_20250629_20260629.csv,绿的谐波,224.2775,196.237,1.0,0,1.0,-0.0025353302971971026,0.0,0.0,-0.0025353302971971026,111502.92268170403,170109.69653294876,127211.4775222002,-0.12348378579090713,20,60
688017.SH,2026-03-09,204.03,209.66,200.1,208.34,212.45,-4.11,-1.9346,59425.09,1211869.114,TASK1/data/688017.SH_daily_20250629_20260629.csv,绿的谐波,223.24449999999996,197.28516666666664,1.0,0,1.0,-0.019345728406683804,0.0,0.0,-0.019345728406683804,109345.81742295233,166818.80054447893,127211.4775222002,-0.14044063041505095,20,60
688017.SH,2026-03-10,212.04,217.3,211.0,215.8,208.34,7.46,3.5807,54413.47,1165302.465,TASK1/data/688017.SH_daily_20250629_20260629.csv,绿的谐波,223.07049999999998,198.32833333333335,1.0,0,1.0,0.0358068541806662,0.0,0.0,0.0358068541806662,113261.14716268174,172792.05701016873,127211.4775222002,-0.10966251340869726,20,60
688017.SH,2026-03-11,214.66,215.55,208.35,208.7,215.8,-7.1,-3.2901,46716.07,988295.059,TASK1/data/688017.SH_daily_20250629_20260629.csv,绿的谐波,222.256,199.18183333333334,1.0,0,1.0,-0.032900834105653476,0.0,0.0,-0.032900834105653476,109534.76094926635,167107.05420770255,127211.4775222002,-0.13895535935308212,20,60
688017.SH,2026-03-12,207.96,210.68,203.0,204.71,208.7,-3.99,-1.9118,38129.86,785515.453,TASK1/data/688017.SH_daily_20250629_20260629.csv,绿的谐波,221.666,199.94500000000002,1.0,0,1.0,-0.019118351701006175,0.0,0.0,-0.019118351701006175,107440.63686595265,163912.2427736406,127211.4775222002,-0.1554171136232363,20,60
688017.SH,2026-03-13,202.51,204.34,197.6,198.0,204.71,-6.71,-3.2778,46016.19,923659.707,TASK1/data/688017.SH_daily_20250629_20260629.csv,绿的谐波,221.31,200.61516666666665,1.0,0,1.0,-0.03277807630306295,0.0,0.0,-0.03277807630306295,103918.93947271076,158539.51477300003,127211.4775222002,-0.18310091591715516,20,60
688017.SH,2026-03-16,195.51,197.98,189.7,196.25,198.0,-1.75,-0.8838,50530.98,976107.04,TASK1/data/688017.SH_daily_20250629_20260629.csv,绿的谐波,220.2525,201.24816666666666,1.0,0,1.0,-0.008838383838383868,0.0,0.0,-0.008838383838383868,103000.46399757317,157138.28168788512,127211.4775222002,-0.19032098357950344,20,60
688017.SH,2026-03-17,197.46,198.49,190.51,190.51,196.25,-5.74,-2.9248,35343.17,686064.842,TASK1/data/688017.SH_daily_20250629_20260629.csv,绿的谐波,218.47200000000004,201.85933333333335,1.0,0,1.0,-0.029248407643312158,0.0,0.0,-0.029248407643312158,99987.86443912184,152542.23716870826,127211.4775222002,-0.21400280551200623,20,60
688017.SH,2026-03-18,192.8,197.49,191.3,194.8,190.51,4.29,2.2519,33981.61,661795.264,TASK1/data/688017.SH_daily_20250629_20260629.csv,绿的谐波,216.76200000000003,202.5476666666667,1.0,0,1.0,0.022518502965723775,0.0,0.0,0.022518502965723775,102239.44146103058,155977.25998878994,127211.4775222002,-0.1963033253568779,20,60
688017.SH,2026-03-19,190.02,193.95,189.0,189.65,194.8,-5.15,-2.6437,36341.63,695063.844,TASK1/data/688017.SH_daily_20250629_20260629.csv,绿的谐波,214.80450000000002,203.14733333333334,1.0,0,1.0,-0.026437371663244336,0.0,0.0,-0.026437371663244336,99536.49934848282,151853.6311954518,127211.4775222002,-0.21755095304893157,20,60
688017.SH,2026-03-20,192.8,193.03,186.0,186.02,189.65,-3.63,-1.9141,36152.67,685601.646,TASK1/data/688017.SH_daily_20250629_20260629.csv,绿的谐波,212.38150000000002,203.73633333333333,1.0,0,1.0,-0.01914052201423677,0.0,0.0,-0.01914052201423677,97631.3187914831,148947.07342461345,127211.4775222002,-0.23252743625711714,20,60
688017.SH,2026-03-23,183.71,193.5,180.03,180.88,186.02,-5.14,-2.7631,67166.69,1255990.273,TASK1/data/688017.SH_daily_20250629_20260629.csv,绿的谐波,209.3065,204.17333333333335,1.0,0,1.0,-0.02763143747984098,0.0,0.0,-0.02763143747984098,94933.62511022182,144831.45167747597,127211.4775222002,-0.2537338064196718,20,60
688017.SH,2026-03-24,183.6,185.5,176.1,181.99,180.88,1.11,0.6137,44571.64,802627.842,TASK1/data/688017.SH_daily_20250629_20260629.csv,绿的谐波,206.77100000000002,204.6771666666667,1.0,0,1.0,0.006136665192392865,0.0,0.0,0.006136665192392865,95516.20098302339,145720.23380574887,127211.4775222002,-0.24915422064526793,20,60
688017.SH,2026-03-25,183.05,189.85,183.05,187.97,181.99,5.98,3.2859,49128.14,920454.206,TASK1/data/688017.SH_daily_20250629_20260629.csv,绿的谐波,204.3395,205.241,0.0,-1,1.0,0.032858948293862156,0.0,0.0,0.032858948293862156,98654.7628923507,150508.44743374147,127211.4775222002,-0.22448221800478618,20,60
688017.SH,2026-03-26,187.92,193.33,186.6,188.3,187.97,0.33,0.1756,51148.99,970703.104,TASK1/data/688017.SH_daily_20250629_20260629.csv,绿的谐波,201.90300000000002,205.7235,0.0,0,0.0,0.0017555992977602575,1.0,0.001,-0.001,98556.10812945836,150772.67995836315,127211.4775222002,-0.22525773578678132,20,60
688017.SH,2026-03-27,185.01,190.28,182.8,187.66,188.3,-0.64,-0.3399,39583.22,739114.591,TASK1/data/688017.SH_daily_20250629_20260629.csv,绿的谐波,199.6675,206.24533333333332,0.0,0,0.0,-0.0033988316516198047,0.0,0.0,-0.0,98556.10812945836,150260.2290015211,127211.4775222002,-0.22525773578678132,20,60
688017.SH,2026-03-30,183.0,192.12,183.0,191.26,187.66,3.6,1.9184,41323.45,779614.026,TASK1/data/688017.SH_daily_20250629_20260629.csv,绿的谐波,197.853,206.7705,0.0,0,0.0,0.019183629969093063,0.0,0.0,0.0,98556.10812945836,153142.7656337575,127211.4775222002,-0.22525773578678132,20,60
688017.SH,2026-03-31,191.99,194.85,187.1,187.16,191.26,-4.1,-2.1437,41429.83,790145.745,TASK1/data/688017.SH_daily_20250629_20260629.csv,绿的谐波,196.73200000000003,207.1025,0.0,0,0.0,-0.02143678761894796,0.0,0.0,-0.0,98556.10812945836,149859.87669148832,127211.4775222002,-0.22525773578678132,20,60
688017.SH,2026-04-01,192.11,205.68,192.11,201.99,187.16,14.83,7.9237,92425.9,1845542.023,TASK1/data/688017.SH_daily_20250629_20260629.csv,绿的谐波,196.2715,207.64433333333335,0.0,0,0.0,0.07923701645650794,0.0,0.0,0.0,98556.10812945836,161734.326207062,127211.4775222002,-0.22525773578678132,20,60
688017.SH,2026-04-02,200.0,200.76,192.58,193.5,201.99,-8.49,-4.2032,45663.02,895328.45,TASK1/data/688017.SH_daily_20250629_20260629.csv,绿的谐波,195.297,207.95250000000001,0.0,0,0.0,-0.04203178375167094,0.0,0.0,-0.0,98556.10812945836,154936.34398270457,127211.4775222002,-0.22525773578678132,20,60
688017.SH,2026-04-03,193.49,195.0,186.51,187.3,193.5,-6.2,-3.2041,44762.45,847178.659,TASK1/data/688017.SH_daily_20250629_20260629.csv,绿的谐波,194.0395,207.88916666666668,0.0,0,0.0,-0.0320413436692506,0.0,0.0,-0.0,98556.10812945836,149971.97533829752,127211.4775222002,-0.22525773578678132,20,60
688017.SH,2026-04-07,187.9,189.49,183.41,185.66,187.3,-1.64,-0.8756,30490.48,567862.637,TASK1/data/688017.SH_daily_20250629_20260629.csv,绿的谐波,192.90550000000002,207.78183333333334,0.0,0,0.0,-0.00875600640683405,0.0,0.0,-0.0,98556.10812945836,148658.8197613898,127211.4775222002,-0.22525773578678132,20,60
688017.SH,2026-04-08,195.0,203.5,193.0,203.45,185.66,17.79,9.582,71686.86,1430841.837,TASK1/data/688017.SH_daily_20250629_20260629.csv,绿的谐波,192.288,207.98833333333334,0.0,0,0.0,0.09582031670796076,0.0,0.0,0.0,98556.10812945836,162903.35495235783,127211.4775222002,-0.22525773578678132,20,60
688017.SH,2026-04-09,199.99,202.12,197.35,199.28,203.45,-4.17,-2.0496,39799.76,794983.83,TASK1/data/688017.SH_daily_20250629_20260629.csv,绿的谐波,191.817,207.97966666666665,0.0,0,0.0,-0.02049643647087729,0.0,0.0,-0.0,98556.10812945836,159564.41668668407,127211.4775222002,-0.22525773578678132,20,60
688017.SH,2026-04-10,202.1,207.98,201.08,204.0,199.28,4.72,2.3685,50437.54,1032432.468,TASK1/data/688017.SH_daily_20250629_20260629.csv,绿的谐波,191.7815,208.19833333333332,0.0,0,0.0,0.02368526696105988,0.0,0.0,0.0,98556.10812945836,163343.74249339395,127211.4775222002,-0.22525773578678132,20,60
688017.SH,2026-04-13,201.0,206.5,200.02,202.98,204.0,-1.02,-0.5,39534.54,804451.104,TASK1/data/688017.SH_daily_20250629_20260629.csv,绿的谐波,192.03050000000002,208.39800000000002,0.0,0,0.0,-0.0050000000000000044,0.0,0.0,-0.0,98556.10812945836,162527.02378092697,127211.4775222002,-0.22525773578678132,20,60
688017.SH,2026-04-14,206.19,207.85,202.73,206.9,202.98,3.92,1.9312,44242.27,908834.735,TASK1/data/688017.SH_daily_20250629_20260629.csv,绿的谐波,192.56300000000002,208.58466666666666,0.0,0,0.0,0.01931224751207017,0.0,0.0,0.0,98556.10812945836,165665.78589158435,127211.4775222002,-0.22525773578678132,20,60
688017.SH,2026-04-15,209.0,213.82,205.88,206.5,206.9,-0.4,-0.1933,59752.48,1255402.682,TASK1/data/688017.SH_daily_20250629_20260629.csv,绿的谐波,193.3625,208.72633333333334,0.0,0,0.0,-0.0019333011116481336,0.0,0.0,-0.0,98556.10812945836,165345.5040435581,127211.4775222002,-0.22525773578678132,20,60
688017.SH,2026-04-16,212.0,213.77,204.0,207.98,206.5,1.48,0.7167,50055.15,1039493.862,TASK1/data/688017.SH_daily_20250629_20260629.csv,绿的谐波,194.0215,208.77599999999998,0.0,0,0.0,0.007167070217917626,0.0,0.0,0.0,98556.10812945836,166530.54688125526,127211.4775222002,-0.22525773578678132,20,60
688017.SH,2026-04-17,206.0,213.74,202.28,213.0,207.98,5.02,2.4137,58150.86,1215355.609,TASK1/data/688017.SH_daily_20250629_20260629.csv,绿的谐波,195.18900000000002,208.99266666666665,0.0,0,0.0,0.0241369362438697,0.0,0.0,0.0,98556.10812945836,170550.08407398485,127211.4775222002,-0.22525773578678132,20,60
688017.SH,2026-04-20,214.33,216.33,209.36,210.77,213.0,-2.23,-1.0469,60970.01,1294017.385,TASK1/data/688017.SH_daily_20250629_20260629.csv,绿的谐波,196.4265,209.15766666666667,0.0,0,0.0,-0.010469483568075089,0.0,0.0,-0.0,98556.10812945836,168764.51277123846,127211.4775222002,-0.22525773578678132,20,60
688017.SH,2026-04-21,212.14,216.25,207.17,213.32,210.77,2.55,1.2098,50921.93,1076902.593,TASK1/data/688017.SH_daily_20250629_20260629.csv,绿的谐波,198.0485,209.038,0.0,0,0.0,0.012098495990890523,0.0,0.0,0.0,98556.10812945836,170806.30955240587,127211.4775222002,-0.22525773578678132,20,60
688017.SH,2026-04-22,210.9,220.0,209.6,219.99,213.32,6.67,3.1268,68006.44,1467268.862,TASK1/data/688017.SH_daily_20250629_20260629.csv,绿的谐波,199.9485,209.132,0.0,0,0.0,0.0312675792237016,0.0,0.0,0.0,98556.10812945836,176147.00936824383,127211.4775222002,-0.22525773578678132,20,60
688017.SH,2026-04-23,214.0,214.0,202.34,203.77,219.99,-16.22,-7.3731,98665.06,2047420.122,TASK1/data/688017.SH_daily_20250629_20260629.csv,绿的谐波,200.7385,208.92083333333332,0.0,0,0.0,-0.07373062411927811,0.0,0.0,-0.0,98556.10812945836,163159.5804307789,127211.4775222002,-0.22525773578678132,20,60
688017.SH,2026-04-24,202.9,207.99,200.6,205.26,203.77,1.49,0.7312,52989.0,1080785.465,TASK1/data/688017.SH_daily_20250629_20260629.csv,绿的谐波,201.58649999999997,208.7585,0.0,0,0.0,0.007312165676988558,0.0,0.0,0.0,98556.10812945836,164352.63031467667,127211.4775222002,-0.22525773578678132,20,60
688017.SH,2026-04-27,204.53,216.99,204.0,213.8,205.26,8.54,4.1606,71199.88,1512577.757,TASK1/data/688017.SH_daily_20250629_20260629.csv,绿的谐波,202.8935,208.79350000000002,0.0,0,0.0,0.041605768293871304,0.0,0.0,0.0,98556.10812945836,171190.6477700374,127211.4775222002,-0.22525773578678132,20,60
688017.SH,2026-04-28,212.0,217.0,206.21,207.65,213.8,-6.15,-2.8765,60878.67,1278461.707,TASK1/data/688017.SH_daily_20250629_20260629.csv,绿的谐波,203.71300000000002,208.6508333333333,0.0,0,0.0,-0.028765201122544437,0.0,0.0,-0.0,98556.10812945836,166266.3143566336,127211.4775222002,-0.22525773578678132,20,60
688017.SH,2026-04-29,205.03,216.16,205.0,215.01,207.65,7.36,3.5444,64103.25,1365030.924,TASK1/data/688017.SH_daily_20250629_20260629.csv,绿的谐波,205.10549999999998,208.82766666666666,0.0,0,0.0,0.03544425716349631,0.0,0.0,0.0,98556.10812945836,172159.50036031686,127211.4775222002,-0.22525773578678132,20,60
688017.SH,2026-04-30,214.1,229.62,214.1,224.12,215.01,9.11,4.237,83440.1,1870403.691,TASK1/data/688017.SH_daily_20250629_20260629.csv,绿的谐波,206.212,208.87966666666668,0.0,0,0.0,0.042370122319892234,0.0,0.0,0.0,98556.10812945836,179453.91944911503,127211.4775222002,-0.22525773578678132,20,60
688017.SH,2026-05-06,228.0,230.5,222.0,226.81,224.12,2.69,1.2002,76554.55,1743944.466,TASK1/data/688017.SH_daily_20250629_20260629.csv,绿的谐波,207.8775,209.1508333333333,0.0,0,0.0,0.012002498661431327,0.0,0.0,0.0,98556.10812945836,181607.81487709165,127211.4775222002,-0.22525773578678132,20,60
688017.SH,2026-05-07,227.56,233.0,224.1,230.48,226.81,3.67,1.6181,68454.59,1572550.583,TASK1/data/688017.SH_daily_20250629_20260629.csv,绿的谐波,210.0365,209.45116666666667,1.0,1,0.0,0.016180944402804043,0.0,0.0,0.0,98556.10812945836,184546.40083273256,127211.4775222002,-0.22525773578678132,20,60
688017.SH,2026-05-08,230.5,270.99,228.58,262.99,230.48,32.51,14.1053,164801.05,4189243.596,TASK1/data/688017.SH_daily_20250629_20260629.csv,绿的谐波,213.90300000000002,210.01766666666666,1.0,0,1.0,0.141053453661923,1.0,0.001,0.140053453661923,112359.23145246693,210577.30803106708,127211.4775222002,-0.116752405985862,20,60
688017.SH,2026-05-11,265.86,277.77,260.21,271.0,262.99,8.01,3.0457,147361.75,3983938.651,TASK1/data/688017.SH_daily_20250629_20260629.csv,绿的谐波,217.28050000000002,210.87966666666665,1.0,0,1.0,0.030457431841514948,0.0,0.0,0.030457431841514948,115781.40508619546,216990.95203779297,127211.4775222002,-0.08985095259199416,20,60
688017.SH,2026-05-12,269.0,279.5,266.04,273.87,271.0,2.87,1.059,115062.43,3139150.748,TASK1/data/688017.SH_daily_20250629_20260629.csv,绿的谐波,221.01,211.69433333333333,1.0,0,1.0,0.01059040590405913,0.0,0.0,0.01059040590405913,117007.57716220056,219288.9742973814,127211.4775222002,-0.08021210474675078,20,60
688017.SH,2026-05-13,268.88,282.09,265.0,279.65,273.87,5.78,2.1105,105465.24,2896291.714,TASK1/data/688017.SH_daily_20250629_20260629.csv,绿的谐波,224.79249999999996,212.74666666666664,1.0,0,1.0,0.0211049037864679,0.0,0.0,0.0211049037864679,119477.01082049654,223917.04700136086,127211.4775222002,-0.06080006971347296,20,60
688017.SH,2026-05-14,282.0,282.74,265.0,265.0,279.65,-14.65,-5.2387,121145.25,3302698.977,TASK1/data/688017.SH_daily_20250629_20260629.csv,绿的谐波,227.8935,213.74466666666666,1.0,0,1.0,-0.052386912211693115,0.0,0.0,-0.052386912211693115,113217.97914332767,212186.72431739903,127211.4775222002,-0.11000185401062157,20,60
688017.SH,2026-05-15,265.5,315.0,262.0,305.5,265.0,40.5,15.283,201244.25,5845814.799,TASK1/data/688017.SH_daily_20250629_20260629.csv,绿的谐波,232.82350000000002,215.21300000000002,1.0,0,1.0,0.15283018867924536,0.0,0.0,0.15283018867924536,130521.1042576853,244615.2614300581,130521.1042576853,0.0,20,60
688017.SH,2026-05-18,300.0,331.76,297.36,322.88,305.5,17.38,5.689,166182.45,5302344.777,TASK1/data/688017.SH_daily_20250629_20260629.csv,绿的谐波,238.6425,216.82566666666668,1.0,0,1.0,0.05689034369885437,0.0,0.0,0.05689034369885437,137946.49473885904,258531.50772679926,137946.49473885904,0.0,20,60
688017.SH,2026-05-19,323.0,332.8,315.01,326.17,322.88,3.29,1.019,139023.85,4502086.5,TASK1/data/688017.SH_daily_20250629_20260629.csv,绿的谐波,244.552,218.44516666666667,1.0,0,1.0,0.010189544103072379,0.0,0.0,0.010189544103072379,139352.10663086487,261165.82592681525,139352.10663086487,0.0,20,60
688017.SH,2026-05-20,320.0,325.99,315.45,323.66,326.17,-2.51,-0.7695,103037.01,3312494.511,TASK1/data/688017.SH_daily_20250629_20260629.csv,绿的谐波,250.08499999999998,220.02616666666668,1.0,0,1.0,-0.007695373578195386,0.0,0.0,-0.007695373578195386,138279.74011143183,259156.05733045045,139352.10663086487,-0.007695373578195497,20,60
688017.SH,2026-05-21,321.0,353.8,320.99,335.0,323.66,11.34,3.5037,184043.28,6231609.815,TASK1/data/688017.SH_daily_20250629_20260629.csv,绿的谐波,256.29650000000004,221.7015,1.0,0,1.0,0.035036766977692535,0.0,0.0,0.035036766977692535,143124.61514345196,268236.047721995,143124.61514345196,0.0,20,60
688017.SH,2026-05-22,335.0,344.2,322.72,342.0,335.0,7.0,2.0896,132328.77,4435173.433,TASK1/data/688017.SH_daily_20250629_20260629.csv,绿的谐波,262.7305,223.36183333333335,1.0,0,1.0,0.020895522388059806,0.0,0.0,0.020895522388059806,146115.27874346438,273840.9800624546,146115.27874346438,0.0,20,60
688017.SH,2026-05-25,338.58,359.8,330.23,349.0,342.0,7.0,2.0468,122539.81,4191484.645,TASK1/data/688017.SH_daily_20250629_20260629.csv,绿的谐波,269.181,225.30016666666668,1.0,0,1.0,0.020467836257309857,0.0,0.0,0.020467836257309857,149105.9423434768,279445.9124029142,149105.9423434768,0.0,20,60
688017.SH,2026-05-26,351.3,383.88,325.01,338.47,349.0,-10.53,-3.0172,187238.39,6655744.552,TASK1/data/688017.SH_daily_20250629_20260629.csv,绿的谐波,275.91600000000005,226.99800000000002,1.0,0,1.0,-0.030171919770773603,0.0,0.0,-0.030171919770773603,144607.1298137438,271014.4927536228,149105.9423434768,-0.030171919770773714,20,60
688017.SH,2026-05-27,332.8,341.2,318.8,321.0,338.47,-17.47,-5.1615,174649.5,5763150.591,TASK1/data/688017.SH_daily_20250629_20260629.csv,绿的谐波,281.70300000000003,228.3975,1.0,0,1.0,-0.05161461872544104,0.0,0.0,-0.05161461872544104,137143.28794342707,257026.1830410758,149105.9423434768,-0.08022922636103169,20,60
688017.SH,2026-05-28,318.02,318.8,301.04,316.13,321.0,-4.87,-1.5171,128467.67,4016887.663,TASK1/data/688017.SH_daily_20250629_20260629.csv,绿的谐波,286.8195,229.79349999999997,1.0,0,1.0,-0.015171339563862962,0.0,0.0,-0.015171339563862962,135062.64055313272,253126.75154135603,149105.9423434768,-0.09418338108882529,20,60
688017.SH,2026-05-29,319.99,332.57,302.0,306.0,316.13,-10.13,-3.2044,119840.55,3793203.537,TASK1/data/688017.SH_daily_20250629_20260629.csv,绿的谐波,291.737,231.101,1.0,0,1.0,-0.032043779457818,0.0,0.0,-0.032043779457818,130734.72308625758,245015.61374009095,149105.9423434768,-0.12320916905444146,20,60
688017.SH,2026-06-01,305.0,309.68,287.0,287.3,306.0,-18.7,-6.1111,116903.53,3458758.787,TASK1/data/688017.SH_daily_20250629_20260629.csv,绿的谐波,295.35150000000004,232.39633333333333,1.0,0,1.0,-0.061111111111111116,0.0,0.0,-0.061111111111111116,122745.37889765293,230042.43734486317,149105.9423434768,-0.17679083094555903,20,60
688017.SH,2026-06-02,299.98,318.77,299.98,306.0,287.3,18.7,6.5089,128645.21,3964868.856,TASK1/data/688017.SH_daily_20250629_20260629.csv,绿的谐波,299.44550000000004,233.97633333333334,1.0,0,1.0,0.06508875739644959,0.0,0.0,0.06508875739644959,130734.72308625755,245015.61374009092,149105.9423434768,-0.12320916905444157,20,60
688017.SH,2026-06-03,304.09,330.58,304.0,314.88,306.0,8.88,2.902,138193.13,4419268.412,TASK1/data/688017.SH_daily_20250629_20260629.csv,绿的谐波,303.849,235.6745,1.0,0,1.0,0.029019607843137285,0.0,0.0,0.029019607843137285,134528.5934817019,252125.87076627396,149105.9423434768,-0.09776504297994304,20,60
688017.SH,2026-06-04,310.01,340.6,310.0,327.5,314.88,12.62,4.0079,144596.29,4759006.614,TASK1/data/688017.SH_daily_20250629_20260629.csv,绿的谐波,308.7,237.592,1.0,0,1.0,0.04007876016260159,0.0,0.0,0.04007876016260159,139920.33271486714,262230.7630715025,149105.9423434768,-0.06160458452722106,20,60
688017.SH,2026-06-05,322.78,393.0,314.9,393.0,327.5,65.5,20.0,223937.59,7928886.998,TASK1/data/688017.SH_daily_20250629_20260629.csv,绿的谐波,315.2005,240.66966666666667,1.0,0,1.0,0.19999999999999996,0.0,0.0,0.19999999999999996,167904.3992578406,314676.915685803,167904.3992578406,0.0,20,60
688017.SH,2026-06-08,375.54,450.2,375.45,428.25,393.0,35.25,8.9695,290407.69,11949975.351,TASK1/data/688017.SH_daily_20250629_20260629.csv,绿的谐波,323.063,244.2105,1.0,0,1.0,0.08969465648854968,0.0,0.0,0.08969465648854968,182964.52667218886,342901.75354311743,182964.52667218886,0.0,20,60
688017.SH,2026-06-09,413.0,429.2,393.98,420.17,428.25,-8.08,-1.8867,203291.72,8451108.143,TASK1/data/688017.SH_daily_20250629_20260629.csv,绿的谐波,330.378,247.735,1.0,0,1.0,-0.018867483946293007,0.0,0.0,-0.018867483946293007,179512.44640246025,336432.06021298695,182964.52667218886,-0.018867483946293007,20,60
688017.SH,2026-06-10,412.0,431.31,400.13,424.0,420.17,3.83,0.9115,193172.72,8100965.453,TASK1/data/688017.SH_daily_20250629_20260629.csv,绿的谐波,337.5955,251.3898333333333,1.0,0,1.0,0.009115358069352819,0.0,0.0,0.009115358069352819,181148.76662932418,339498.7589078384,182964.52667218886,-0.009924109748978394,20,60
688017.SH,2026-06-11,402.1,407.96,362.0,367.0,424.0,-57.0,-13.4434,217755.41,8192869.071,TASK1/data/688017.SH_daily_20250629_20260629.csv,绿的谐波,342.6955,254.20649999999998,1.0,0,1.0,-0.13443396226415094,0.0,0.0,-0.13443396226415094,156796.22017208012,293858.59556409594,182964.52667218886,-0.14302393461762986,20,60
688017.SH,2026-06-12,372.18,386.99,348.0,351.0,367.0,-16.0,-4.3597,224884.97,8193027.258,TASK1/data/688017.SH_daily_20250629_20260629.csv,绿的谐波,344.9705,256.78566666666666,1.0,0,1.0,-0.043596730245231585,0.0,0.0,-0.043596730245231585,149960.417657766,281047.32164304546,182964.52667218886,-0.18038528896672512,20,60
688017.SH,2026-06-15,355.0,373.9,347.98,372.62,351.0,21.62,6.1595,150832.85,5496760.095,TASK1/data/688017.SH_daily_20250629_20260629.csv,绿的谐波,347.4575,259.8208333333333,1.0,0,1.0,0.06159544159544161,0.0,0.0,0.06159544159544161,159197.29580523298,298358.55552886496,182964.52667218886,-0.12990075890251007,20,60
688017.SH,2026-06-16,371.99,384.97,363.5,376.22,372.62,3.6,0.9661,143780.36,5400290.25,TASK1/data/688017.SH_daily_20250629_20260629.csv,绿的谐波,349.96,262.8445,1.0,0,1.0,0.009661317159572747,0.0,0.0,0.009661317159572747,160735.35137095366,301241.0921611013,182964.52667218886,-0.12149445417396365,20,60
688017.SH,2026-06-17,370.88,384.98,364.47,381.6,376.22,5.38,1.43,130002.67,4896291.507,TASK1/data/688017.SH_daily_20250629_20260629.csv,绿的谐波,352.857,266.0436666666667,1.0,0,1.0,0.014300143533039211,0.0,0.0,0.014300143533039211,163033.88996639178,305548.8830170545,182964.52667218886,-0.10893169877408038,20,60
688017.SH,2026-06-18,381.6,413.82,375.64,408.01,381.6,26.41,6.9209,192016.16,7694417.272,TASK1/data/688017.SH_daily_20250629_20260629.csv,绿的谐波,356.50750000000005,269.7435,1.0,0,1.0,0.06920859538784052,0.0,0.0,0.06920859538784052,174317.2364915815,326695.49203298846,182964.52667218886,-0.04726211325160534,20,60
688017.SH,2026-06-22,404.15,415.76,376.33,393.31,408.01,-14.7,-3.6029,194356.79,7681348.253,TASK1/data/688017.SH_daily_20250629_20260629.csv,绿的谐波,359.073,273.284,1.0,0,1.0,-0.03602852871253148,0.0,0.0,-0.03602852871253148,168036.84293155544,314925.13411802327,182964.52667218886,-0.08158785755983633,20,60
688017.SH,2026-06-23,381.0,394.99,366.15,378.53,393.31,-14.78,-3.7579,127751.93,4857324.844,TASK1/data/688017.SH_daily_20250629_20260629.csv,绿的谐波,360.54949999999997,276.55966666666666,1.0,0,1.0,-0.03757850041951649,0.0,0.0,-0.03757850041951649,161722.27035895773,303090.7198334529,182964.52667218886,-0.11610040863981319,20,60
688017.SH,2026-06-24,378.0,394.5,368.0,383.18,378.53,4.65,1.2284,121114.73,4645075.066,TASK1/data/688017.SH_daily_20250629_20260629.csv,绿的谐波,362.78499999999997,279.8131666666667,1.0,0,1.0,0.01228436319446291,0.0,0.0,0.01228436319446291,163708.9254646803,306813.9963167582,182964.52667218886,-0.10524226503210732,20,60
688017.SH,2026-06-25,380.0,404.0,373.0,391.0,383.18,7.82,2.0408,146611.75,5712242.48,TASK1/data/688017.SH_daily_20250629_20260629.csv,绿的谐波,366.28499999999997,283.19149999999996,1.0,0,1.0,0.020408163265306145,0.0,0.0,0.020408163265306145,167049.92394355134,313075.50644567166,182964.52667218886,-0.0869819030939869,20,60
688017.SH,2026-06-26,385.66,396.76,368.95,369.46,391.0,-21.54,-5.509,121304.98,4605056.007,TASK1/data/688017.SH_daily_20250629_20260629.csv,绿的谐波,368.9515,286.2215,1.0,0,1.0,-0.055089514066496204,0.0,0.0,-0.055089514066496204,157847.22480865594,295828.3289294574,182964.52667218886,-0.1372796263864564,20,60
688017.SH,2026-06-29,368.22,371.98,345.0,361.62,369.46,-7.84,-2.122,136530.75,4889780.848,TASK1/data/688017.SH_daily_20250629_20260629.csv,绿的谐波,371.73249999999996,289.06083333333333,1.0,0,1.0,-0.021220159151193574,0.0,0.0,-0.021220159151193574,154497.68157664203,289550.80470814265,182964.52667218886,-0.1555866900175129,20,60
