ts_code,trade_date,open,high,low,close,pre_close,change,pct_chg,vol,amount,ma5,ma20,ma60,ma120,macd_diff,macd_dea,macd_hist,rsi14,daily_return,volatility20,drawdown,volume_ma20
688017.SH,2025-06-30,124.8,126.37,123.58,124.89,124.1,0.79,0.6366,27684.42,346153.401,,,,,0.0,0.0,0.0,,,,0.0,
688017.SH,2025-07-01,124.28,124.97,122.22,123.14,124.89,-1.75,-1.4012,22443.51,276694.229,,,,,-0.1396011396011403,-0.02792022792022806,-0.22336182336182447,,-0.014012330851149057,,-0.014012330851149057,
688017.SH,2025-07-02,122.2,123.13,119.0,120.05,123.14,-3.09,-2.5093,25425.54,305891.013,,,,,-0.4938800821421978,-0.12111219876462202,-0.7455357667551515,,-0.025093389637810604,,-0.038754103611177815,
688017.SH,2025-07-03,119.91,121.17,118.9,120.1,120.05,0.05,0.0416,17729.38,212380.751,,,,,-0.7618321871855613,-0.24925619644880992,-1.0251519814735028,,0.0004164931278634043,,-0.038353751301145045,
688017.SH,2025-07-04,121.0,121.66,117.82,119.06,120.1,-1.04,-0.8659,24074.09,287398.829,121.44800000000001,,,,-1.0460472872943427,-0.4086144146179165,-1.2748657453528525,,-0.00865945045795169,,-0.04668107934982779,
688017.SH,2025-07-07,117.0,117.0,114.23,115.12,119.06,-3.94,-3.3093,42861.76,494410.388,119.494,,,,-1.5711041630229516,-0.6411123642989235,-1.8599835974480563,,-0.033092558373929104,,-0.07822884138041475,
688017.SH,2025-07-08,115.32,119.29,114.66,118.79,115.12,3.67,3.188,35343.33,415912.091,118.624,,,,-1.671805656394099,-0.8472510227179586,-1.649109267352281,,0.03187977762334948,,-0.04884298182400504,
688017.SH,2025-07-09,122.0,123.88,117.66,118.09,118.79,-0.7,-0.5893,48848.49,590926.175,118.23200000000001,,,,-1.7874913773384975,-1.0352990936420665,-1.504384567392862,,-0.005892751915144379,,-0.054447914164464706,
688017.SH,2025-07-10,116.74,119.47,116.67,118.86,118.09,0.77,0.652,28769.62,339091.077,117.984,,,,-1.7963335646614524,-1.1875059878459437,-1.2176551536310174,,0.00652045050385297,,-0.048282488589959205,
688017.SH,2025-07-11,118.08,123.85,117.88,121.89,118.86,3.03,2.5492,53533.1,649293.954,118.55,,,,-1.5410807648186307,-1.2582209432404812,-0.565719643156299,,0.0254921756688542,,-0.02402113860196975,
688017.SH,2025-07-14,123.49,126.0,121.99,124.72,121.89,2.83,2.3218,54537.09,677249.157,120.47,,,,-1.097779217764355,-1.226132598145256,0.2567067607618019,,0.02321765526294195,,-0.0013611978541115954,
688017.SH,2025-07-15,125.0,125.27,122.25,124.4,124.72,-0.32,-0.2566,40596.84,502460.992,121.59200000000001,,,,-0.7634799519210844,-1.1336020689004218,0.7402442339586748,,-0.0025657472738934706,,-0.003923452638321723,
688017.SH,2025-07-16,124.5,129.2,123.74,126.39,124.4,1.99,1.5997,57714.24,730993.85,123.252,,,,-0.33411750771999493,-0.9737051566643365,1.2791752978886832,,0.015996784565916355,,0.0,
688017.SH,2025-07-17,125.0,130.88,124.61,129.01,126.39,2.62,2.0729,63789.16,819461.39,125.282,,,,0.21508802557396223,-0.7359465202166768,1.9020690915812781,,0.020729488092412263,,0.0,
688017.SH,2025-07-18,130.3,130.97,127.6,128.89,129.01,-0.12,-0.093,39427.96,507695.449,126.68199999999999,,,,0.6333534658974429,-0.4620865229938529,2.1908799777825916,43.873925369535655,-0.0009301604526781304,,-0.0009301604526781304,
688017.SH,2025-07-21,132.1,138.0,130.78,134.67,128.89,5.78,4.4844,82439.32,1109577.228,128.67199999999997,,,,1.4149192272232796,-0.0866853729504264,3.003209200347412,55.12807176183897,0.04484444099619833,,0.0,
688017.SH,2025-07-22,133.0,133.6,130.0,130.4,134.67,-4.27,-3.1707,59281.27,778161.76,129.87199999999999,,,,1.6705058581512304,0.264752873269905,2.811505969762651,47.543610010622515,-0.03170713596198105,,-0.03170713596198105,
688017.SH,2025-07-23,128.8,130.75,128.03,128.8,130.4,-1.6,-1.227,42124.08,544561.596,130.35399999999998,,,,1.7240793626315138,0.5566181711422268,2.334922382978574,45.04294492026069,-0.012269938650306678,,-0.04358802999925726,
688017.SH,2025-07-24,128.88,131.67,128.88,130.29,128.8,1.49,1.1568,38988.43,509077.837,130.60999999999999,,,,1.8652656768239808,0.8183476722785776,2.0938360090908064,47.79662165258288,0.011568322981366341,,-0.0325239474270439,
688017.SH,2025-07-25,130.8,130.87,128.3,130.45,130.29,0.16,0.1228,32765.0,424467.33,130.922,124.4005,,,1.9673886788058326,1.0481558735840286,1.838465610443608,48.09736587943924,0.0012280297797220285,,-0.03133585802331629,41918.8315
688017.SH,2025-07-28,132.35,133.88,129.66,129.83,130.45,-0.62,-0.4753,38738.11,507822.732,129.954,124.64750000000001,,,1.9755205045317155,1.233628799773566,1.483783409516299,46.96819682507112,-0.004752778842468164,0.32987660274061437,-0.035939704462760624,42471.515999999996
688017.SH,2025-07-29,129.0,131.68,128.33,130.4,129.83,0.57,0.439,34905.6,453603.549,129.954,125.01049999999998,,,2.0048486243507853,1.3878727646890099,1.2339517193235507,48.17285223003377,0.00439035662019549,0.3243423518928139,-0.03170713596198105,43094.6205
688017.SH,2025-07-30,129.99,130.2,126.54,127.8,130.4,-2.6,-1.9939,38541.86,495303.217,129.754,125.398,,,1.7975718108261134,1.4698125739164307,0.6555184738193653,43.33704570320095,-0.019938650306748573,0.3188767010877812,-0.05101358877255502,43750.436499999996
688017.SH,2025-07-31,127.75,134.48,127.38,129.66,127.8,1.86,1.4554,68720.4,905182.424,129.62800000000001,125.876,,,1.7630663664882462,1.528463332430794,0.4692060681149046,47.4046455478724,0.014553990610328693,0.32110813517512576,-0.03720204945422134,46299.9875
688017.SH,2025-08-01,129.4,131.44,126.17,127.51,129.66,-2.15,-1.6582,40985.44,525241.406,129.04000000000002,126.29850000000002,,,1.5444302905370648,1.5316567240520482,0.025547132970033193,43.51600150904619,-0.016581829399969106,0.32644769658685213,-0.05316700081681136,47145.55500000001
688017.SH,2025-08-04,127.6,134.22,127.15,133.98,127.51,6.47,5.0741,71890.35,948221.199,129.87000000000003,127.2415,,,1.8716592305691933,1.5996572253554773,0.544004010427432,55.378409071026084,0.05074111834365924,0.33682102431325145,-0.005123635553575423,48596.984500000006
688017.SH,2025-08-05,133.98,134.58,132.04,133.99,133.98,0.01,0.0075,43613.84,581716.372,130.58800000000002,128.0015,,,2.1075034516135105,1.701226470607084,0.8125539620128528,55.394001762079036,7.463800567264478e-05,0.32542398533552197,-0.0050493799658423155,49010.509999999995
688017.SH,2025-08-06,134.63,142.0,133.07,140.13,133.99,6.14,4.5824,104098.28,1440425.788,133.054,129.1035,,,2.758065123923302,1.9125942012703279,1.6909418453059484,63.766254147964794,0.04582431524740649,0.35066014932835543,0.0,51772.9995
688017.SH,2025-08-07,141.5,141.5,136.54,138.6,140.13,-1.53,-1.0918,60933.37,841816.314,134.84199999999998,130.0905,,,3.1142822162010475,2.152931804256472,1.9227008238891514,60.708474994435214,-0.010918432883750828,0.3575737038892618,-0.010918432883750828,53381.187
688017.SH,2025-08-08,138.52,138.57,133.8,134.2,138.6,-4.4,-3.1746,45184.26,611307.114,136.18,130.70600000000002,,,3.006882135037472,2.323721870412672,1.3663205292495997,52.858378813811846,-0.031746031746031744,0.377497497221818,-0.042317847712838086,52963.744999999995
688017.SH,2025-08-11,134.55,138.48,134.21,137.0,134.2,2.8,2.0864,47218.94,644742.638,136.78400000000002,131.32,,,3.111832132586926,2.481343922847523,1.2609764194788058,56.695850677154276,0.02086438152011927,0.376088305039166,-0.02233640191250974,52597.8375
688017.SH,2025-08-12,136.11,137.5,134.3,137.11,137.0,0.11,0.0803,37341.7,507117.359,137.40800000000002,131.95549999999997,,,3.167370368472291,2.6185492119724767,1.0976423129996284,56.844477231505394,0.0008029197080292594,0.3753824611469688,-0.021551416541782498,52435.0805
688017.SH,2025-08-13,137.59,138.79,135.28,138.51,137.11,1.4,1.0211,50319.85,690739.707,137.084,132.5615,,,3.286468754211853,2.752133120420352,1.0686712675830021,58.78339396562718,0.0102107796659614,0.3737208822325102,-0.011560693641618491,52065.361
688017.SH,2025-08-14,138.3,140.7,134.5,137.64,138.51,-0.87,-0.6281,71724.48,989427.85,136.892,132.993,,,3.272925110512517,2.8562915184387854,0.8332671841474637,57.067511208046525,-0.0062811349361057145,0.370785598048665,-0.01776921430100631,52462.127
688017.SH,2025-08-15,137.52,149.47,137.02,148.31,137.64,10.67,7.7521,118812.37,1718336.978,139.714,133.964,,,4.076183792964457,3.10026997334392,1.951827639241074,69.0137625476648,0.07752106945655335,0.453666147323863,0.0,56431.347499999996
688017.SH,2025-08-18,149.66,151.77,145.51,147.46,148.31,-0.85,-0.5731,97263.52,1439180.737,141.80599999999998,134.6035,,,4.591259013769104,3.3984677814289572,2.3855824646802937,67.40469266901894,-0.00573123862180569,0.43340084155314174,-0.00573123862180569,57172.557499999995
688017.SH,2025-08-19,147.48,154.44,145.68,151.18,147.46,3.72,2.5227,99141.61,1486591.184,144.61999999999998,135.6425,,,5.23923807264714,3.766621839672594,2.9452324659490925,70.63187911228745,0.025227180252271886,0.41641842860750655,0.0,59165.5745
688017.SH,2025-08-20,150.7,150.7,145.47,149.01,151.18,-2.17,-1.4354,74628.5,1104513.594,146.71999999999997,136.653,,,5.51410214358981,4.116117900456037,2.7959684862675456,66.4960166859675,-0.01435375049609744,0.4178098262999131,-0.01435375049609744,60790.79549999999
688017.SH,2025-08-21,149.88,150.86,145.08,145.96,149.01,-3.05,-2.0468,58885.4,867932.321,148.384,137.4365,,,5.423307872748978,4.377555894914625,2.0915039556687063,61.08218583687041,-0.020468424937923557,0.4291324218513705,-0.03452837676941389,61785.64399999999
688017.SH,2025-08-22,146.66,150.21,146.21,150.01,145.96,4.05,2.7747,70469.08,1048704.135,148.724,138.41450000000003,,,5.613445605021866,4.624733836936073,1.9774235361715853,65.14070431259822,0.027747328035077956,0.43547163832776825,-0.007739118931075595,63670.848
688017.SH,2025-08-25,152.0,159.5,151.55,154.7,150.01,4.69,3.1265,104707.24,1626131.599,150.172,139.658,,,6.072574077828023,4.9143018851144635,2.316544385427118,69.15252252889833,0.03126458236117591,0.4409182862994748,0.0,66969.3045
688017.SH,2025-08-26,151.98,154.2,151.0,151.75,154.7,-2.95,-1.9069,51492.61,784976.005,150.286,140.7255,,,6.127759359054153,5.156993379902402,1.9415319583035018,64.15145193861854,-0.01906916612798959,0.45200836006761325,-0.01906916612798959,67798.655
688017.SH,2025-08-27,152.0,159.55,148.61,148.66,151.75,-3.09,-2.0362,100962.26,1560592.613,150.216,141.7685,,,5.854667948515612,5.296528293625044,1.1162793097811363,59.312798473541626,-0.020362438220757895,0.45235798834956503,-0.0390433096315449,70919.675
688017.SH,2025-08-28,147.85,151.15,145.66,150.89,148.66,2.23,1.5001,83434.8,1239212.372,151.202,142.83,,,5.751879316914,5.387598498282835,0.7285616372623291,61.565826739398325,0.015000672675904658,0.45244703966330396,-0.024628312863607005,71655.39499999999
688017.SH,2025-08-29,150.5,153.36,146.02,150.76,150.89,-0.13,-0.0862,71921.11,1076278.2,151.352,143.9925,,,5.595428060623135,5.429164410750896,0.3325272997444788,61.35253966469924,-0.000861554775001605,0.44449560779447433,-0.025468648998060783,73202.17850000001
688017.SH,2025-09-01,151.81,154.69,147.77,151.35,150.76,0.59,0.3914,74560.48,1124842.671,150.682,144.861,,,5.45615225514598,5.434561979629913,0.04318055103213503,61.99603743486467,0.003913504908463761,0.41602442485186436,-0.021654815772462754,73335.685
688017.SH,2025-09-02,151.29,165.0,144.17,159.69,151.35,8.34,5.5104,165694.38,2550348.531,152.26999999999998,146.14600000000002,,,5.950153806351665,5.537680344974263,0.824946922754803,69.68097071127964,0.05510406342913776,0.449389248390711,0.0,79439.712
688017.SH,2025-09-03,162.0,163.5,152.98,154.45,159.69,-5.24,-3.2814,96510.25,1517453.181,153.428,146.862,,,5.851378340129884,5.600419944005387,0.5019167922489931,61.29444205336403,-0.03281357630408921,0.4510412780198965,-0.03281357630408921,79060.3105
688017.SH,2025-09-04,155.0,156.11,142.0,144.05,154.45,-10.4,-6.7336,107220.54,1584861.016,152.06,147.1345,,,4.877678150467489,5.455871585297808,-1.156386869660638,48.752801360223046,-0.06733570734865635,0.5174392991109318,-0.09793975828167067,81374.669
688017.SH,2025-09-05,143.41,147.42,142.08,147.15,144.05,3.1,2.152,72807.41,1059173.997,151.33800000000002,147.78199999999998,,,4.30651500300587,5.226000268839421,-1.8389705316671012,51.911358955973256,0.02152030544949657,0.5051749432694961,-0.0785271463460454,82755.8265
688017.SH,2025-09-08,147.65,171.0,147.58,168.7,147.15,21.55,14.6449,179175.43,2953321.142,154.808,149.367,,,5.529033733592854,5.286606961790108,0.4848535436054924,67.09439958019577,0.1464492014950729,0.7116571022539636,0.0,89353.651
688017.SH,2025-09-09,167.0,167.0,161.68,162.5,168.7,-6.2,-3.6752,96750.87,1577963.286,155.37,150.6365,,,5.929251727829438,5.4151359149979745,1.0282316256629276,61.11580775221393,-0.036751630112625944,0.731270905757098,-0.036751630112625944,92324.10949999999
688017.SH,2025-09-10,162.49,166.8,160.53,161.48,162.5,-1.02,-0.6277,81414.99,1329375.088,156.776,151.785,,,6.093875492797366,5.550883830557853,1.0859833244790256,60.16595429353939,-0.00627692307692318,0.7333961970310846,-0.042797866034380516,93878.8665
688017.SH,2025-09-11,161.79,166.57,159.69,165.88,161.48,4.4,2.7248,99141.79,1625541.941,161.142,153.197,,,6.504405502469723,5.741588164940228,1.5256346750589902,62.84832408829092,0.027247956403269713,0.7339859871073477,-0.016716064018968524,95249.73199999999
688017.SH,2025-09-12,168.8,173.0,163.98,166.03,165.88,0.15,0.0904,102291.14,1721812.798,164.91799999999998,154.083,,,6.763887356173484,5.946048003186879,1.6356787059732092,62.939944778829684,0.0009042681456474799,0.6900582053505814,-0.015826911677534028,94423.67050000001
688017.SH,2025-09-15,165.85,178.0,164.84,171.8,166.03,5.77,3.4753,123406.44,2141262.355,165.538,155.3,,,7.3503886676944035,6.226916136088384,2.2469450632120385,66.37509299667043,0.03475275552610979,0.6954689653754809,0.0,95730.8165
688017.SH,2025-09-16,175.0,182.88,171.38,180.39,171.8,8.59,5.0,132726.73,2354033.141,169.11599999999999,156.76049999999998,,,8.411375294467831,6.663807967764274,3.4951346534071135,70.72550915064787,0.04999999999999982,0.708783473876709,0.0,97410.0725
688017.SH,2025-09-17,180.0,186.69,176.0,179.38,180.39,-1.01,-0.5599,130276.48,2352971.976,172.696,158.279,,,9.066206693854781,7.144287712982376,3.8438379617448106,69.58551802906216,-0.00559897998780412,0.7055033627720566,-0.00559897998780412,100192.4715
688017.SH,2025-09-18,182.87,192.68,174.6,182.19,179.38,2.81,1.5665,169568.02,3133363.941,175.958,160.0905,,,9.700092186891794,7.65544860776426,4.089287158255068,70.98669262571596,0.015665068569517215,0.6962564481847746,0.0,105726.60250000001
688017.SH,2025-09-19,177.0,178.0,169.0,169.92,182.19,-12.27,-6.7347,112286.92,1931317.2,176.736,161.08599999999998,141.30033333333333,,9.107380340275313,7.945834954266471,2.323090772017684,58.34659869414594,-0.06734727482298708,0.747699724782884,-0.06734727482298708,107817.4945
688017.SH,2025-09-22,170.98,172.8,169.58,172.39,169.92,2.47,1.4536,66979.29,1147143.017,176.85399999999998,161.9705,142.092,,8.736254188763525,8.103918801165882,1.2646707751952846,59.89474401913738,0.014536252354048873,0.7429223106188446,-0.053789999451122505,105931.097
688017.SH,2025-09-23,172.88,174.68,166.0,170.54,172.39,-1.85,-1.0731,72200.76,1228267.489,174.88399999999996,162.91,142.882,,8.198349036567521,8.12280484824621,0.15108837664262253,58.151408603975625,-0.010731480944370264,0.7397087420834075,-0.06394423404138538,106966.5045
688017.SH,2025-09-24,168.99,178.88,167.81,178.02,170.54,7.48,4.3861,88635.05,1546758.042,174.61200000000002,164.378,143.84816666666666,,8.28018005366107,8.154279889329182,0.25180032866377644,62.85863083210643,0.04386067784683956,0.74349087161412,-0.022888193643997967,106350.144
688017.SH,2025-09-25,178.88,180.86,176.01,177.51,178.02,-0.51,-0.2865,64058.33,1142991.459,173.676,165.709,144.80499999999998,,8.209247886954728,8.165273488854291,0.08794879620087315,62.34372258273427,-0.0028648466464443745,0.7446205598175136,-0.02568746912563813,105381.3205
688017.SH,2025-09-26,175.0,177.06,171.35,171.79,177.51,-5.72,-3.2224,46316.54,805536.494,174.05,166.7605,145.68383333333335,,7.603825273302135,8.05298384574386,-0.8983171448834497,56.73073738121707,-0.03222353670215761,0.7584174822386296,-0.057083264723640226,104101.092
688017.SH,2025-09-29,171.71,180.96,171.05,178.7,171.79,6.91,4.0224,67203.19,1192143.492,175.31199999999998,168.128,146.74349999999998,,7.594063108493941,7.961199698293877,-0.7342731795998709,61.26747514639924,0.04022352872693413,0.7669797454683868,-0.019155826335144677,103733.22750000001
688017.SH,2025-09-30,179.0,181.88,178.07,180.78,178.7,2.08,1.164,57835.39,1040997.916,177.36,169.1825,147.77666666666667,,7.665798584971924,7.902119475629487,-0.4726417813151258,62.54066797078353,0.011639619473978735,0.7479205854287206,-0.0077391733904166315,98340.27799999999
688017.SH,2025-10-09,180.4,183.94,172.02,180.12,180.78,-0.66,-0.3651,70537.49,1270288.805,177.78,170.466,148.8105,,7.58199249292511,7.838094079088612,-0.5122031723270037,61.8459715293577,-0.0036508463325588547,0.7342440114402001,-0.011361765190186057,97041.63999999998
688017.SH,2025-10-10,179.0,185.27,170.42,173.0,180.12,-7.12,-3.9529,71812.72,1266461.774,176.878,171.9135,149.71283333333332,,6.861950768467608,7.642865416964412,-1.5618292969936078,54.777067597830786,-0.03952920275371974,0.7019769794555571,-0.0504418464240628,95271.249
688017.SH,2025-10-13,160.0,166.5,160.0,164.89,173.0,-8.11,-4.6879,71095.24,1162133.236,175.498,172.8005,150.42950000000002,,5.572665078155126,7.228825349202555,-3.3123205420948594,48.04138346747486,-0.04687861271676308,0.7286858807539088,-0.09495581535759379,95185.64050000001
688017.SH,2025-10-14,167.86,167.86,152.2,153.27,164.89,-11.62,-7.0471,71406.27,1133593.181,170.41199999999998,172.029,150.90533333333335,,3.5720832401250675,6.4974769273870585,-5.850787374523982,40.379821990362146,-0.07047122323973543,0.5653082895883194,-0.1587353861353531,89797.1825
688017.SH,2025-10-15,153.99,162.82,151.8,160.95,153.27,7.68,5.0108,58419.72,920745.727,166.446,171.9515,151.51449999999997,,2.576617888504643,5.713305119610576,-6.273374462211866,46.45753164819521,0.05010765316108823,0.582731119282705,-0.1165815906471267,87880.625
688017.SH,2025-10-16,157.09,158.64,156.0,156.65,160.95,-4.3,-2.6716,32039.68,503735.233,161.752,171.70999999999998,152.01883333333333,,1.4243117823803289,4.855506452164526,-6.862389339568395,43.76730771372682,-0.026716371543957673,0.5901982155603036,-0.14018332510017006,85411.85949999999
688017.SH,2025-10-17,156.0,158.26,151.95,152.6,156.65,-4.05,-2.5854,38358.29,594035.849,157.67199999999997,171.046,152.41199999999998,,0.1821994567002605,3.920845053071673,-7.477291192742825,41.339212298734076,-0.025853814235556993,0.5867533664233658,-0.16241286568966462,82372.6845
688017.SH,2025-10-20,155.65,159.36,152.99,155.68,152.6,3.08,2.0183,46288.59,723100.866,155.82999999999998,170.5285,152.8585,,-0.5473438122137679,3.027207280014585,-7.149102184456706,43.88866463813118,0.020183486238532167,0.5926378882765494,-0.14550743729074034,79572.557
688017.SH,2025-10-21,156.92,157.81,153.58,156.4,155.68,0.72,0.4625,46831.13,730019.68,156.456,169.7585,153.22066666666666,,-1.0552498626482532,2.2107158514820178,-6.531931428260542,44.495946308499974,0.004624871531346386,0.5769306551560557,-0.1415555189637192,75743.7915
688017.SH,2025-10-22,154.0,157.77,153.0,155.7,156.4,-0.7,-0.4476,32879.98,511193.053,155.406,168.524,153.64233333333334,,-1.496996769824591,1.4691733272206962,-5.932340194090575,43.99738716932085,-0.004475703324808289,0.5404947403490421,-0.14539766178165658,70751.454
688017.SH,2025-10-23,155.0,155.0,150.6,154.51,155.7,-1.19,-0.7643,31369.12,478484.282,154.978,167.28050000000002,154.07083333333333,,-1.9209637567026334,0.7911459104360302,-5.4242193342773275,43.11300868021112,-0.00764290301862558,0.5404844486423528,-0.15192930457215004,65806.086
688017.SH,2025-10-24,156.1,160.0,156.1,159.5,154.51,4.99,3.2296,41505.64,656575.591,156.358,166.14600000000002,154.55766666666668,,-1.833177620989403,0.2662812041509436,-4.198917650280693,47.847013892212274,0.03229564429486764,0.5527682936653447,-0.12454031505571106,59402.967000000004
688017.SH,2025-10-27,161.95,162.88,157.26,160.36,159.5,0.86,0.5392,47831.18,764904.851,157.294,165.66799999999998,155.05616666666666,,-1.6749044078694624,-0.12195591825313762,-3.1058969792326496,48.640283783822596,0.005391849529780668,0.503922311722693,-0.11981996816510232,56180.17999999999
688017.SH,2025-10-28,160.2,163.0,157.7,159.92,160.36,-0.44,-0.2744,52576.21,843389.632,157.998,165.0445,155.55766666666665,,-1.5669136635974894,-0.410947467322008,-2.311932392550963,48.23603169580208,-0.002743826390621318,0.49993287044152035,-0.12223502936494879,55460.026
688017.SH,2025-10-29,159.82,161.91,158.1,161.91,159.92,1.99,1.2444,39634.51,633754.04,159.23999999999998,164.613,156.08283333333333,,-1.3057025259075203,-0.5898984790391104,-1.4316080937368199,50.24991847895657,0.012443721860930568,0.5021104809273216,-0.1113123662110983,53831.7135
688017.SH,2025-10-30,161.9,164.09,159.0,159.92,161.91,-1.99,-1.2291,45329.8,729431.084,160.32199999999997,163.708,156.61816666666664,,-1.24491656303465,-0.7209020958382183,-1.0480289343928633,48.22921599807132,-0.012290778827743876,0.47261368020602507,-0.12223502936494879,51666.451
688017.SH,2025-10-31,161.84,167.7,160.66,163.24,159.92,3.32,2.076,64238.73,1056866.208,161.07,162.9945,157.1778333333333,,-0.9182618449657696,-0.7603740456637286,-0.315775598604082,51.71760949396662,0.020760380190095074,0.4813370156649381,-0.10401229485701735,51675.471
688017.SH,2025-11-03,164.88,165.82,158.51,159.5,163.24,-3.74,-2.2911,47838.04,774328.714,160.898,162.38,157.71099999999998,,-0.9502188396985218,-0.7983430044706873,-0.3037516704556691,47.80944670160551,-0.022911051212938016,0.4751230655772492,-0.12454031505571106,51751.546
688017.SH,2025-11-04,159.41,159.44,153.58,154.6,159.5,-4.9,-3.0721,40183.63,625538.326,159.834,161.175,158.05466666666663,,-1.3553108573415784,-0.9097365750448656,-0.8911485645934256,43.20308416450215,-0.03072100313479631,0.45530228826603,-0.15143531478127237,50400.568
688017.SH,2025-11-05,150.06,153.61,149.09,150.5,154.6,-4.1,-2.652,33500.78,506836.058,157.552,159.661,158.3298333333333,,-1.9843110323343751,-1.1246514665027676,-1.719319131663215,39.75185163835866,-0.02652005174644234,0.4549289893050864,-0.17393929414347653,49183.8375
688017.SH,2025-11-06,153.48,163.68,153.04,160.9,150.5,10.4,6.9103,66975.93,1061683.21,157.748,158.7,158.676,,-1.6248745764759178,-1.2246960884973976,-0.8003569759570404,50.544096205167726,0.06910299003322273,0.532405584408449,-0.11685602941983642,49005.7595
688017.SH,2025-11-07,163.8,163.8,156.5,156.53,160.9,-4.37,-2.716,40122.03,634740.902,156.406,157.8765,158.97483333333332,,-1.673351717025838,-1.3144272142030857,-0.7178490056455047,46.754247062777516,-0.027159726538222517,0.5235305165042183,-0.1408419781546737,47421.225
688017.SH,2025-11-10,156.6,158.53,151.58,152.52,156.53,-4.01,-2.5618,35231.11,540530.105,155.01,157.25799999999998,159.28016666666664,,-2.0121488873481326,-1.4539715488320952,-1.1163546770320747,43.52889761096691,-0.02561809237845769,0.5058307265929971,-0.1628519677260003,45628.0185
688017.SH,2025-11-11,154.31,154.86,149.22,150.05,152.52,-2.47,-1.6195,30483.73,462183.566,154.1,157.097,159.49766666666665,,-2.4516948311921,-1.6535162053040962,-1.5963572517760074,41.62414617381232,-0.016194597429845303,0.4432073223592164,-0.17640924309786477,43581.8915
688017.SH,2025-11-12,151.2,152.82,145.88,146.92,150.05,-3.13,-2.086,38575.93,573754.486,153.38400000000001,156.3955,159.66116666666667,,-3.017815501369654,-1.9263760645172079,-2.182878873704892,39.27857593365968,-0.020859713428857174,0.40527929583982425,-0.193589110269499,42589.702000000005
688017.SH,2025-11-13,146.08,149.29,145.0,147.8,146.92,0.88,0.599,27100.78,400004.253,150.76399999999998,155.95300000000003,159.816,,-3.356766846934761,-2.2124542210007188,-2.2886252518680843,40.297215888346635,0.005989654233596653,0.397786418723537,-0.18875898786980616,42342.757
688017.SH,2025-11-14,145.98,147.2,143.46,143.79,147.8,-4.01,-2.7131,25293.27,367258.483,148.21599999999998,155.5125,159.91849999999997,,-3.9039593046061896,-2.550755237721813,-2.706408133768753,37.2321275479692,-0.027131258457374963,0.3988009979591524,-0.21076897744113288,41689.506
688017.SH,2025-11-17,143.5,146.51,143.01,144.77,143.79,0.98,0.6815,19599.64,284254.204,146.666,154.967,159.8595,,-4.210005141190862,-2.882605218415623,-2.654799845550479,38.46399404817491,0.0068154948188332565,0.39139317724742756,-0.20538997749602061,40355.0585
688017.SH,2025-11-18,144.48,147.0,143.22,146.12,144.77,1.35,0.9325,23383.54,340714.848,145.88,154.453,159.83716666666666,,-4.294115068529948,-3.164907188438488,-2.2584157601829196,40.20493466508841,0.009325136423292024,0.3930144085549873,-0.1979801306328558,39182.679
688017.SH,2025-11-19,145.8,147.38,143.57,143.88,146.12,-2.24,-1.533,20535.6,297776.517,145.272,153.86200000000002,159.7155,,-4.489766834182717,-3.4298791175873338,-2.1197754331907666,38.27023008578807,-0.015329865863673797,0.39539700343069156,-0.2102749876502552,38565.46
688017.SH,2025-11-20,145.79,146.48,141.9,141.92,143.88,-1.96,-1.3622,22275.94,319878.744,144.096,153.2325,159.59733333333332,,-4.748243096911466,-3.6935519134521604,-2.109382366918611,36.61014815797454,-0.0136224631637476,0.39676524302810606,-0.22103298754047973,38110.801
688017.SH,2025-11-21,140.3,146.46,139.62,143.35,141.92,1.43,1.0076,42801.31,613657.585,144.008,152.425,159.55383333333333,,-4.782567882845228,-3.911355107330774,-1.7424255510289086,38.69943270253048,0.010076099210823086,0.3772012235853357,-0.21318403864097923,38175.5845
688017.SH,2025-11-24,143.81,148.0,140.5,145.51,143.35,2.16,1.5068,36053.16,519310.285,144.156,151.6825,159.47883333333337,,-4.582650630994522,-4.045614212063524,-1.074072837861996,41.818775537073044,0.015068015347052599,0.38228673650133344,-0.2013282836599155,37586.6835
688017.SH,2025-11-25,147.0,147.71,143.53,143.71,145.51,-1.8,-1.237,42573.37,619582.563,143.67399999999998,150.872,159.29566666666668,,-4.517386110245468,-4.139968591699913,-0.7548350370911106,39.99244247417208,-0.012370283829289952,0.3832008724777613,-0.21120807947746856,37086.5415
688017.SH,2025-11-26,142.8,146.68,141.9,145.31,143.71,1.6,1.1134,33433.77,485260.795,143.95999999999998,150.04199999999997,159.18833333333333,,-4.287137427490535,-4.169402358858037,-0.23547013726499522,42.40046107265248,0.011133532809129543,0.38243469544927444,-0.2024260387507547,36776.504499999995
688017.SH,2025-11-27,145.01,147.55,144.2,144.8,145.31,-0.51,-0.351,27959.64,407693.571,144.536,149.286,159.124,,-4.098570654078657,-4.155236017902162,0.11333072764701058,41.824334635779586,-0.0035097378019406378,0.3815209445770513,-0.20522531423239465,35907.9965
688017.SH,2025-11-28,144.4,147.35,143.0,146.93,144.8,2.13,1.471,32613.73,475005.953,145.252,148.4705,159.05800000000002,,-3.7342112657465236,-4.071031067471035,0.673639603449022,45.17491943801089,0.01470994475138121,0.37674368160075744,-0.1935342225149569,34326.7465
688017.SH,2025-12-01,146.71,149.9,146.53,149.9,146.93,2.97,2.0214,35684.79,529618.461,146.13,147.9905,159.04366666666667,,-3.1692663174436007,-3.8906781174655483,1.4428236000438952,49.53903586756374,0.020213707207513698,0.38060975388616247,-0.17723255941599425,33719.083999999995
688017.SH,2025-12-02,149.97,149.97,144.12,144.39,149.9,-5.51,-3.6758,34518.87,504531.019,146.26600000000002,147.48,158.92766666666665,,-3.130072795924889,-3.738557053157417,1.216968514465056,42.74156570294108,-0.03675783855903947,0.3870261999726045,-0.20747571216861527,33435.846000000005
688017.SH,2025-12-03,144.92,145.98,142.86,145.45,144.39,1.06,0.7341,19869.36,285857.045,146.294,147.22750000000002,158.69033333333334,,-2.9791368711347275,-3.5866730167528793,1.2150722912363037,44.324287180656135,0.00734122861694031,0.37845571101810166,-0.20165761018716732,32754.275
688017.SH,2025-12-04,150.0,157.66,149.32,153.21,145.45,7.76,5.3352,93297.52,1429965.349,147.97600000000003,146.84300000000002,158.66966666666667,,-2.207900612440028,-3.310918535890309,2.206035846900562,54.28639124221545,0.053351667239601275,0.3418782065584791,-0.1590647126626049,34070.3545
688017.SH,2025-12-05,152.0,157.5,151.43,157.49,153.21,4.28,2.7936,60830.22,944534.89,150.08800000000002,146.89100000000002,158.89366666666666,,-1.2370699184491514,-2.8961488124020778,3.318157787905853,58.678088755391556,0.02793551334769262,0.3445119783961268,-0.1355727537186453,35105.764
688017.SH,2025-12-08,157.32,159.8,155.07,158.92,157.49,1.43,0.908,58745.64,926072.651,151.892,147.211,159.08983333333333,,-0.3482758428899331,-2.386574218499649,4.076596751219432,60.058745029565216,0.009079941583592488,0.33135009313920943,-0.12772380481914491,36281.4905
688017.SH,2025-12-09,157.11,160.77,156.61,157.79,158.92,-1.13,-0.711,39424.23,625333.051,154.572,147.598,158.908,,0.26189929713953575,-1.856879515371812,4.237557625022696,58.3982704002138,-0.007110495846966991,0.32616699953244516,-0.13392612108238655,36728.5155
688017.SH,2025-12-10,156.61,158.94,156.13,158.27,157.79,0.48,0.3042,32530.9,512490.126,157.136,148.1655,158.8375,,0.7752627339473577,-1.3304510655079782,4.211427598910672,58.917855365423755,0.003042017871855096,0.3140616423301784,-0.13129150886437224,36426.264
688017.SH,2025-12-11,158.19,158.9,153.8,153.84,158.27,-4.43,-2.799,40635.61,633183.616,157.262,148.4675,158.71016666666665,,0.8152453384669229,-0.901311784712998,3.4331142463598416,52.4117509384969,-0.027990143425791425,0.33363265738089726,-0.15560678412646134,37103.0055
688017.SH,2025-12-12,153.29,155.0,150.79,153.5,153.84,-0.34,-0.221,51119.9,781812.194,156.464,148.953,158.50383333333332,,0.810157688578073,-0.5590178900547839,2.738351157265714,51.93770900295584,-0.0022100884035362034,0.3158121469060045,-0.15747296778088804,38394.33700000001
688017.SH,2025-12-15,153.0,157.77,152.2,153.67,153.5,0.17,0.1107,42062.12,656366.202,155.414,149.398,158.29783333333333,,0.8105003254050018,-0.2851142469628267,2.191229144735657,52.17064537264201,0.0011074918566773562,0.31565758044635134,-0.1565398759536748,39517.461
688017.SH,2025-12-16,152.99,155.35,149.9,150.68,153.67,-2.99,-1.9457,26722.6,405223.24,153.99200000000002,149.626,157.94583333333333,,0.5630137835981373,-0.11548864085063394,1.3570048488975424,47.784094734553086,-0.0194572785839785,0.32462544966378165,-0.1729513145617212,39684.414000000004
688017.SH,2025-12-17,151.0,155.0,150.03,154.66,150.68,3.98,2.6414,29266.69,447009.752,153.27,150.165,157.51699999999997,,0.6801908373551555,0.04364725479052396,1.273087165129263,53.40068840405741,0.02641359171754698,0.32930442695636314,-0.15110598825402055,40120.9685
688017.SH,2025-12-18,152.17,156.22,151.48,151.76,154.66,-2.9,-1.8751,26082.51,400212.27,152.85399999999998,150.657,157.05666666666667,,0.5329057274798004,0.14149894932837925,0.7828135563028422,49.244214855193604,-0.018750808224492488,0.3333854997836411,-0.1670234370711895,40311.297
688017.SH,2025-12-19,152.9,156.28,152.9,154.14,151.76,2.38,1.5683,28150.9,435608.737,152.982,151.1965,156.58916666666664,,0.6012959607401172,0.23345835161072684,0.7356752182587807,52.51110036482133,0.01568265682656822,0.33542536148118485,-0.1539601514902026,39578.7765
688017.SH,2025-12-22,157.27,160.85,155.15,159.35,154.14,5.21,3.38,52834.05,835792.041,154.118,151.8885,156.41299999999998,148.85666666666665,1.063638212317386,0.3994943237520587,1.3282877771306545,58.767612566766104,0.03380044115738934,0.3500110567526419,-0.12536363137384055,40417.821
688017.SH,2025-12-23,159.24,159.24,155.6,156.35,159.35,-3.0,-1.8826,33407.95,525159.897,155.252,152.5205,156.14566666666667,149.11883333333336,1.174434697600816,0.5544823985218101,1.2399045981580117,54.32906730086597,-0.018826482585503568,0.35492330746341655,-0.14182995773642904,39959.55
688017.SH,2025-12-24,156.38,159.96,155.6,159.75,156.35,3.4,2.1746,34221.73,540888.178,156.26999999999998,153.2425,155.9658333333333,149.42391666666668,1.519082260741925,0.7474023709658332,1.5433597795521836,58.183761378034674,0.02174608250719534,0.3595390646314986,-0.12316812119216203,39998.948
688017.SH,2025-12-25,160.89,170.0,159.82,167.24,159.75,7.49,4.6886,72028.71,1191681.63,159.36599999999999,154.3645,155.78616666666667,149.81716666666665,2.3692866790349285,1.0717792325796522,2.5950148929105525,65.15992557141976,0.046885758998435056,0.3871761424374511,-0.08205719304023262,42202.4015
688017.SH,2025-12-26,167.2,172.0,165.2,169.48,167.24,2.24,1.3394,61369.79,1032276.575,162.434,155.49200000000002,155.65233333333333,150.22866666666667,3.1870902924663653,1.494841444556995,3.3844976958187405,66.93645353314177,0.013393924898349452,0.3868796393764482,-0.06976233602283333,43640.2045
688017.SH,2025-12-29,168.42,179.45,168.11,175.01,169.48,5.53,3.2629,83248.97,1451660.766,165.56599999999997,156.7475,155.706,150.69491666666667,4.232639103075428,2.042400976260682,4.380476253629492,70.88367367161275,0.03262921878687752,0.3947447899504037,-0.039409407761128556,46018.4135
688017.SH,2025-12-30,172.02,200.0,171.5,191.1,175.01,16.09,9.1938,149692.73,2760467.222,172.51600000000002,159.083,155.91266666666667,151.32808333333332,6.287098836708452,2.891340548350236,6.7915165767164325,78.81021939439418,0.09193760356551062,0.4598838419724861,0.0,51777.1065
688017.SH,2025-12-31,191.07,196.52,185.21,192.1,191.1,1.0,0.5233,112156.56,2145182.213,178.986,161.4155,156.10133333333334,151.93899999999996,7.9048425159171245,3.8940409418636137,8.021603148107022,79.18941244731397,0.005232862375719627,0.46037977023270044,0.0,56391.4665
688017.SH,2026-01-05,187.5,196.0,187.03,191.06,192.1,-1.04,-0.5414,100185.97,1917090.78,183.75,163.308,156.28366666666668,152.54708333333332,8.999258874090117,4.915084528308914,8.168348691562406,77.63344399408298,-0.005413846954711032,0.4412876173693233,-0.005413846954711032,56735.889
688017.SH,2026-01-06,191.36,203.77,191.36,199.8,191.06,8.74,4.5745,112850.29,2219699.366,189.81400000000002,165.4235,156.73033333333336,153.22158333333334,10.451359908281603,6.022339604303452,8.858040607956301,81.01031323806427,0.045744792211870555,0.45444040573757594,0.0,59336.8925
688017.SH,2026-01-07,195.0,198.66,189.18,190.88,199.8,-8.92,-4.4645,108176.58,2087339.2,192.988,167.0215,157.1635,153.79649999999998,10.758375135545236,6.96954671055181,7.5776568499868535,69.48063899811781,-0.04464464464464468,0.4975335099010202,-0.04464464464464468,61808.4395
688017.SH,2026-01-08,189.0,194.66,188.0,191.0,190.88,0.12,0.0629,69907.9,1340199.411,192.96800000000002,168.682,157.79233333333332,154.34883333333335,10.885884215190003,7.752814211479449,6.266140007421109,69.54343885673198,0.0006286672254820491,0.4948245104478797,-0.04404404404404405,63332.62300000001
688017.SH,2026-01-09,190.0,199.77,190.0,195.7,191.0,4.7,2.4607,87825.44,1720297.801,193.688,170.5535,158.37150000000003,154.943,11.236657605621787,8.449582890307918,5.574149430627738,71.97574687719892,0.024607329842931902,0.49669262121301,-0.02052052052052067,66097.35
688017.SH,2026-01-12,196.08,199.88,191.83,198.0,195.7,2.3,1.1753,94856.33,1861843.822,195.076,172.7615,159.0606666666667,155.53975,11.56690276786182,9.073046865818698,4.987711804086242,73.10757963462672,0.011752682677567794,0.474729261696994,-0.009009009009009028,68808.38600000001
688017.SH,2026-01-13,197.88,215.24,195.0,205.0,198.0,7.0,3.5354,143387.71,2975491.459,196.11599999999999,175.3365,159.93400000000003,156.17300000000003,12.252229857732374,9.708883464201435,5.086692787061878,76.25129381453178,0.03535353535353525,0.4773662097282988,0.0,73421.7765
688017.SH,2026-01-14,203.0,220.66,198.6,200.0,205.0,-5.0,-2.439,145357.15,3024784.175,197.94,177.653,160.6726666666667,156.76558333333332,12.250680086460221,10.217242788653193,4.066874595614056,69.96027055649648,-0.024390243902439046,0.49543978202254063,-0.024390243902439046,78586.528
688017.SH,2026-01-15,199.6,205.8,195.08,200.87,200.0,0.87,0.435,99746.3,1988296.026,199.914,180.1625,161.41383333333334,157.31725,12.179258697726084,10.609645970467772,3.139225454516623,70.41761270113103,0.004350000000000076,0.481302747266305,-0.020146341463414652,82237.713
688017.SH,2026-01-16,201.03,228.66,201.03,220.5,200.87,19.63,9.7725,156545.63,3395532.602,204.87400000000002,183.4545,162.49383333333333,158.0680833333333,13.550432724242313,11.19780332122268,4.705258806039264,78.40606608803643,0.0977248966993578,0.5634660267781582,0.0,88601.66
688017.SH,2026-01-19,223.0,224.92,213.8,214.35,220.5,-6.15,-2.7891,117041.39,2555126.275,208.144,186.584,163.49116666666666,158.781,13.97969519260414,11.754181695498973,4.451026994210334,71.85895260041447,-0.02789115646258511,0.5723388240016486,-0.02789115646258511,93149.604
688017.SH,2026-01-20,214.42,223.3,212.61,216.44,214.35,2.09,0.975,91895.86,1993758.519,210.43200000000002,189.699,164.44016666666667,159.49891666666664,14.323422822316616,12.268029920862503,4.110785802908225,72.69344609227335,0.009750408210870143,0.5730464156876961,-0.018412698412698436,96336.852
688017.SH,2026-01-21,212.78,219.97,210.5,215.0,216.44,-1.44,-0.6653,78433.63,1683120.643,213.43200000000002,192.4815,165.35083333333336,160.20350000000002,14.31462341172309,12.677348619034621,3.2745495853769384,71.1284017886729,-0.006653114026982099,0.5759729143957848,-0.024943310657596363,97616.831
688017.SH,2026-01-22,216.0,221.03,207.89,211.7,215.0,-3.3,-1.5349,81840.67,1747403.218,215.598,195.249,166.21383333333333,160.88575,13.881351811836709,12.91814925759504,1.926405108483337,67.53978422227704,-0.015348837209302357,0.5733345638229197,-0.03990929705215429,100038.46699999999
688017.SH,2026-01-23,211.5,224.5,211.5,216.21,211.7,4.51,2.1304,80359.23,1746396.58,214.74,198.072,167.11883333333336,161.60083333333333,13.743474041990282,13.08321421447409,1.3205196550323848,69.78353717541718,0.021303731695796024,0.573276578618059,-0.019455782312925107,102345.34199999999
688017.SH,2026-01-26,225.0,229.68,203.68,204.4,216.21,-11.81,-5.4623,115530.23,2462211.59,212.75,199.93,167.8601666666667,162.23916666666665,12.536721099324382,12.973915591444149,-0.874388984239534,58.39962070086613,-0.05462282040608668,0.6122921572405547,-0.07301587301587298,104520.41799999999
688017.SH,2026-01-27,203.7,224.1,200.94,221.0,204.4,16.6,8.1213,125591.32,2657945.783,213.66199999999998,202.506,168.82283333333334,163.00033333333334,12.772607299807532,12.933653933116826,-0.3220932666185874,66.63787662553554,0.08121330724070441,0.6614917839060065,0.0,107731.4945
688017.SH,2026-01-28,218.0,219.88,208.89,210.54,221.0,-10.46,-4.733,80315.96,1709290.222,212.76999999999998,204.2825,169.67350000000002,163.69225,11.977445692780833,12.742412285049628,-1.5299331845375903,58.743688351243414,-0.047330316742081435,0.6920714191384235,-0.047330316742081435,107584.844
688017.SH,2026-01-29,210.4,224.22,210.2,212.46,210.54,1.92,0.9119,91245.65,1985136.211,212.92200000000003,205.3505,170.63783333333333,164.34625000000003,11.371123115278095,12.468154451095323,-2.1940626716344553,59.68770165965785,0.009119407238529664,0.6210811873698909,-0.03864253393665151,104662.49
688017.SH,2026-01-30,212.96,241.98,205.12,229.0,212.46,16.54,7.785,147291.4,3267485.728,215.48000000000002,207.19549999999998,171.94616666666667,165.13799999999998,12.085928809653097,12.391709322806879,-0.6115610263075624,66.74667785504761,0.07784994822554836,0.6713122228881365,0.0,106419.232
688017.SH,2026-02-02,226.0,232.28,216.28,219.28,229.0,-9.72,-4.2445,113605.5,2533922.586,218.456,208.6065,172.91916666666668,165.79758333333334,11.73284576325571,12.259936610896645,-1.0541816952818692,60.087732975227844,-0.04244541484716158,0.6947959593743832,-0.04244541484716158,107090.2085
688017.SH,2026-02-03,220.54,230.0,216.0,224.99,219.28,5.71,2.604,110344.82,2478793.128,219.254,209.86600000000004,174.06016666666667,166.51749999999998,11.778004678320372,12.16355022438139,-0.7710910921220382,62.45723224314368,0.026039766508573647,0.6839604751771778,-0.01751091703056762,106964.93499999998
688017.SH,2026-02-04,221.56,223.99,212.5,216.51,224.99,-8.48,-3.7691,87283.59,1890596.781,220.448,211.14749999999998,175.12666666666667,167.20341666666667,11.002696082677943,11.931379396040702,-1.8573666267255184,57.04117697097868,-0.037690564025067874,0.6774349244544197,-0.054541484716157274,105920.2855
688017.SH,2026-02-05,210.0,211.82,202.8,205.12,216.51,-11.39,-5.2607,80441.67,1658421.489,218.98000000000002,211.8535,176.0445,167.77108333333334,9.361269734722441,11.417357463777051,-4.1121754581092205,50.68374651164833,-0.052607269872061324,0.7098303300323324,-0.10427947598253273,106446.974
688017.SH,2026-02-06,202.0,224.68,198.48,217.4,205.12,12.28,5.9867,122211.14,2616926.611,216.66,212.93849999999998,177.21916666666667,168.44016666666667,8.948171943763299,10.923520359774301,-3.950696832022004,56.334321920012606,0.059867394695787945,0.7337077884295247,-0.05065502183406112,108166.259
688017.SH,2026-02-09,221.0,227.0,215.5,226.12,217.4,8.72,4.011,88915.46,1970498.504,218.02800000000002,214.34449999999998,178.5245,169.17025,9.218158894507411,10.582448066720923,-2.7285783444270244,59.85209847847919,0.04011039558417662,0.743361152890992,-0.012576419213973788,107869.2155
688017.SH,2026-02-10,226.5,233.78,225.0,229.0,226.12,2.88,1.2737,82858.95,1897416.604,218.83,215.54449999999997,179.94466666666668,169.93158333333335,9.554380478201438,10.376834549017026,-1.644908141631177,60.970459861209925,0.012736600035379464,0.7364995240683275,0.0,104842.7775
688017.SH,2026-02-11,228.0,236.8,225.01,228.8,229.0,-0.2,-0.0873,61530.46,1416120.489,221.288,216.98449999999997,181.34516666666664,170.60233333333332,9.692965702141777,10.240060779641977,-1.0941901550004012,60.843707175271106,-0.0008733624454148048,0.7280770477869013,-0.0008733624454148048,100651.443
688017.SH,2026-02-12,230.51,237.66,229.79,234.48,228.8,5.68,2.4825,73563.79,1720232.303,227.16,218.66500000000002,182.81783333333337,171.3275,10.144188134549239,10.22088625062343,-0.15339623214838127,63.18454281871199,0.024825174825174656,0.730440043056038,0.0,99342.3175
688017.SH,2026-02-13,231.0,242.53,228.25,242.38,234.48,7.9,3.3692,99918.58,2373978.672,232.156,219.75900000000001,184.4595,172.0875,11.01230612991634,10.379170226482012,1.2662718068686551,66.21019165572034,0.0336915728420335,0.6588495481107577,0.0,96510.965
688017.SH,2026-02-24,242.42,248.42,226.0,232.7,242.38,-9.68,-3.9937,130951.59,3086510.608,233.47200000000004,220.67649999999998,185.9725,172.78491666666665,10.794765458139409,10.462289272813493,0.6649523706518323,59.73234265072237,-0.03993728855516132,0.6682795757291495,-0.03993728855516132,97206.475
688017.SH,2026-02-25,228.05,237.88,223.01,236.6,232.7,3.9,1.676,94006.93,2157291.295,234.99200000000002,221.68449999999999,187.52666666666664,173.54025,10.812421450813986,10.532315708413591,0.5602114848007886,61.37210514706866,0.016759776536312776,0.6694095979809906,-0.02384685205049919,97312.0285
688017.SH,2026-02-26,233.0,243.95,230.9,237.03,236.6,0.43,0.1817,87770.45,2091416.355,236.638,222.786,189.052,174.26541666666668,10.737338009737812,10.573320168678435,0.32803568211875245,61.557979437433,0.0018174133558748196,0.6680773901339976,-0.022072778282036465,97778.8695
688017.SH,2026-02-27,233.0,237.9,229.3,232.37,237.03,-4.66,-1.966,57213.52,1335099.684,236.21599999999998,223.8195,190.52966666666669,174.91266666666667,10.184411233854888,10.495538381713727,-0.6222542957176778,58.28475772780438,-0.01965995865502257,0.670053298657439,-0.041298787028632655,96547.512
688017.SH,2026-03-02,224.0,235.0,222.35,227.55,232.37,-4.82,-2.0743,84157.9,1913594.894,233.25,224.3865,191.90033333333335,175.54433333333333,9.250643403931178,10.246559386157218,-1.9918319644520786,55.0256263577046,-0.02074278090975601,0.6735205270803888,-0.061184916247215004,96737.4455
688017.SH,2026-03-03,226.9,229.0,209.05,209.58,227.55,-17.97,-7.8972,104316.82,2260971.692,228.62600000000003,224.6455,192.98,176.05200000000002,6.980134210641324,9.59327435105404,-5.226280280825431,44.93691214854428,-0.07897165458141064,0.7061019593605117,-0.13532469675715808,96176.775
688017.SH,2026-03-04,208.91,214.88,208.91,211.2,209.58,1.62,0.773,58432.72,1241869.454,223.546,224.1555,194.05116666666666,176.55458333333334,5.2509303217601655,8.724805545195265,-6.947750446870199,45.8998993575783,0.007729745204694938,0.6423232302900375,-0.12864097697829857,92818.845
688017.SH,2026-03-05,217.95,218.18,211.66,212.99,211.2,1.79,0.8475,44026.24,946779.48,218.738,224.27799999999996,195.10266666666666,177.07316666666665,3.979093311135216,7.775663098383255,-7.593139574496078,47.00279798882009,0.008475378787878851,0.6196403262136068,-0.12125587919795355,91004.35900000001
688017.SH,2026-03-06,212.66,216.88,211.69,212.45,212.99,-0.54,-0.2535,35822.47,766749.533,214.754,224.2775,196.237,177.58233333333334,2.894217096985926,6.79937389810379,-7.810313602235727,46.69354084163767,-0.0025353302971971026,0.6190716109141114,-0.12348378579090691,88233.2
688017.SH,2026-03-09,204.03,209.66,200.1,208.34,212.45,-4.11,-1.9346,59425.09,1211869.114,210.91199999999998,223.24449999999996,197.28516666666664,177.98775000000003,1.6833970762480135,5.776178533732635,-8.185562914969243,44.30422311706351,-0.019345728406683804,0.5508422513847189,-0.14044063041505073,83839.8845
688017.SH,2026-03-10,212.04,217.3,211.0,215.8,208.34,7.46,3.5807,54413.47,1165302.465,212.156,223.07049999999998,198.32833333333335,178.499,1.3106646146870276,4.883075749923513,-7.144822270472972,49.368522655173486,0.0358068541806662,0.5486943089967409,-0.10966251340869704,80880.283
688017.SH,2026-03-11,214.66,215.55,208.35,208.7,215.8,-7.1,-3.2901,46716.07,988295.059,211.656,222.256,199.18183333333334,179.03775000000002,0.4373196420715715,3.993924528353125,-7.113209772563107,45.15977317853413,-0.032900834105653476,0.5511561612402935,-0.138955359353082,77698.8455
688017.SH,2026-03-12,207.96,210.68,203.0,204.71,208.7,-3.99,-1.9118,38129.86,785515.453,210.0,221.666,199.94500000000002,179.51741666666666,-0.5701992925083061,3.081099764180839,-7.3025981133782905,42.944100099387875,-0.019118351701006175,0.5395494906172023,-0.15541711362323618,75241.159
688017.SH,2026-03-13,202.51,204.34,197.6,198.0,204.71,-6.71,-3.2778,46016.19,923659.707,207.10999999999999,221.31,200.61516666666665,179.76158333333333,-1.8883386367801904,2.0872120839886334,-7.951101441537648,39.43963956012128,-0.03277807630306295,0.5192079346776569,-0.18310091591715483,73519.885
688017.SH,2026-03-16,195.51,197.98,189.7,196.25,198.0,-1.75,-0.8838,50530.98,976107.04,204.692,220.2525,201.24816666666666,180.04283333333333,-3.0391505032407053,1.0619395665427658,-8.202180139566941,38.555930975944094,-0.008838383838383868,0.4665446591946764,-0.19032098357950322,69935.87700000001
688017.SH,2026-03-17,197.46,198.49,190.51,190.51,196.25,-5.74,-2.9248,35343.17,686064.842,199.634,218.47200000000004,201.85933333333335,180.28474999999997,-4.364041276071731,-0.02325660198013357,-8.681569348183196,35.728153474541784,-0.029248407643312158,0.4425578665595692,-0.214002805512006,67257.2625
688017.SH,2026-03-18,192.8,197.49,191.3,194.8,190.51,4.29,2.2519,33981.61,661795.264,196.85399999999998,216.76200000000003,202.5476666666667,180.52575,-5.010106225998356,-1.0206265267837782,-7.978959398429156,39.310734374162074,0.022518502965723775,0.44998234482043437,-0.19630332535687756,64813.3955
688017.SH,2026-03-19,190.02,193.95,189.0,189.65,194.8,-5.15,-2.6437,36341.63,695063.844,193.842,214.80450000000002,203.14733333333334,180.72258333333332,-5.870013451997863,-1.9905039118265953,-7.7590190803425365,36.668320348409345,-0.026437371663244336,0.45399563165425466,-0.21755095304893135,63553.95399999999
688017.SH,2026-03-20,192.8,193.03,186.0,186.02,189.65,-3.63,-1.9141,36152.67,685601.646,191.446,212.38150000000002,203.73633333333333,180.84108333333333,-6.766407848983249,-2.945684699257926,-7.641446299450646,34.88818835137225,-0.01914052201423677,0.43713134573486606,-0.23252743625711692,61683.398
688017.SH,2026-03-23,183.71,193.5,180.03,180.88,186.02,-5.14,-2.7631,67166.69,1255990.273,188.372,209.3065,204.17333333333335,180.84516666666667,-7.801629580536087,-3.9168736755135583,-7.769511810045057,32.48346708598366,-0.02763143747984098,0.40686043900612917,-0.2537338064196716,60045.8035
688017.SH,2026-03-24,183.6,185.5,176.1,181.99,180.88,1.11,0.6137,44571.64,802627.842,186.668,206.77100000000002,204.6771666666667,180.86691666666667,-8.43524626958137,-4.820548194327121,-7.229396150508498,33.548675312260045,0.006136665192392865,0.4010465288333829,-0.2491542206452677,55726.806
688017.SH,2026-03-25,183.05,189.85,183.05,187.97,181.99,5.98,3.2859,49128.14,920454.206,185.302,204.3395,205.241,180.91508333333334,-8.358504401801099,-5.528139435821917,-5.660729931958365,39.1212158692349,0.032858948293862156,0.41993507394642315,-0.22448221800478585,53482.866500000004
688017.SH,2026-03-26,187.92,193.33,186.6,188.3,187.97,0.33,0.1756,51148.99,970703.104,185.03199999999998,201.90300000000002,205.7235,181.06824999999998,-8.17680060907523,-6.057871670472579,-4.2378578772053,39.42310954176489,0.0017555992977602575,0.4199099110107795,-0.2231207195313144,51651.7935
688017.SH,2026-03-27,185.01,190.28,182.8,187.66,188.3,-0.64,-0.3399,39583.22,739114.591,185.35999999999999,199.6675,206.24533333333332,181.19549999999998,-7.992311305838996,-6.444759597545863,-3.095103416586266,39.01898545984521,-0.0033988316516198047,0.4194820708905029,-0.22576120141925904,50770.2785
688017.SH,2026-03-30,183.0,192.12,183.0,191.26,187.66,3.6,1.9184,41323.45,779614.026,187.436,197.853,206.7705,181.36816666666667,-7.469508446541795,-6.64970936734505,-1.6395981583934898,42.58432997570848,0.019183629969093063,0.4300940251297236,-0.21090849079957097,48628.556
688017.SH,2026-03-31,191.99,194.85,187.1,187.16,191.26,-4.1,-2.1437,41429.83,790145.745,188.47,196.73200000000003,207.1025,181.44433333333333,-7.30184799043667,-6.7801370919633746,-1.0434217969465909,39.734979394356586,-0.02143678761894796,0.34470673926740164,-0.22782407789421566,45484.2065
688017.SH,2026-04-01,192.11,205.68,192.11,201.99,187.16,14.83,7.9237,92425.9,1845542.023,191.274,196.2715,207.64433333333335,181.64833333333334,-5.904258197300891,-6.604961313030878,1.4014062314599744,52.19483179222269,0.07923701645650794,0.45627590928529493,-0.16663916164700054,47183.8655
688017.SH,2026-04-02,200.0,200.76,192.58,193.5,201.99,-8.49,-4.2032,45663.02,895328.45,192.31400000000002,195.297,207.95250000000001,181.82924999999997,-5.419260402709597,-6.367821130966622,1.89712145651405,46.29387607519448,-0.04203178375167094,0.4759277645363094,-0.20166680419176497,47265.7045
688017.SH,2026-04-03,193.49,195.0,186.51,187.3,193.5,-6.2,-3.2041,44762.45,847178.659,192.24200000000002,194.0395,207.88916666666668,181.90091666666663,-5.47210531688782,-6.188677968150862,1.4331453025260839,42.51385658580445,-0.0320413436692506,0.4858426234263844,-0.22724647248122776,47712.7035
688017.SH,2026-04-07,187.9,189.49,183.41,185.66,187.3,-1.64,-0.8756,30490.48,567862.637,191.122,192.90550000000002,207.78183333333334,181.94158333333334,-5.581974063701097,-6.067337187260909,0.9707262471196252,41.54746776855526,-0.00875600640683405,0.48338691912810444,-0.23401270731908574,46265.973
688017.SH,2026-04-08,195.0,203.5,193.0,203.45,185.66,17.79,9.582,71686.86,1430841.837,194.38,192.288,207.98833333333334,182.136,-4.185296027002664,-5.690928955209261,3.0112658564131927,53.81236472257699,0.09582031670796076,0.5869442249073923,-0.16061556234012708,47129.6425
688017.SH,2026-04-09,199.99,202.12,197.35,199.28,203.45,-4.17,-2.0496,39799.76,794983.83,193.838,191.817,207.97966666666665,182.35500000000002,-3.3759864993670874,-5.2279404640408265,3.703907929347478,51.10546180001826,-0.02049643647087729,0.5799804785484435,-0.17781995214126578,46783.827000000005
688017.SH,2026-04-10,202.1,207.98,201.08,204.0,199.28,4.72,2.3685,50437.54,1032432.468,195.938,191.7815,208.19833333333332,182.6809166666667,-2.3269150859846093,-4.647735388429584,4.641640604889949,53.930318616759585,0.02368526696105988,0.5828175940854909,-0.1583463982176747,47399.211
688017.SH,2026-04-13,201.0,206.5,200.02,202.98,204.0,-1.02,-0.5,39534.54,804451.104,199.074,192.03050000000002,208.39800000000002,183.09516666666667,-1.5598430089928286,-4.030156912542233,4.940627807098808,53.214815535164476,-0.0050000000000000044,0.5700141432547632,-0.16255466622658643,47075.1285
688017.SH,2026-04-14,206.19,207.85,202.73,206.9,202.98,3.92,1.9312,44242.27,908834.735,203.322,192.56300000000002,208.58466666666666,183.47808333333333,-0.6283780710762699,-3.3498011442490405,5.442846146345541,55.65005772942984,0.01931224751207017,0.5717774824549615,-0.14638171466292593,46760.693
688017.SH,2026-04-15,209.0,213.82,205.88,206.5,206.9,-0.4,-0.1933,59752.48,1255402.682,203.932,193.3625,208.72633333333334,183.8935,0.07665432268831296,-2.66451005086157,5.482328747099766,55.33355243842395,-0.0019333011116481336,0.5592738215167975,-0.14803201584289127,47981.1585
688017.SH,2026-04-16,212.0,213.77,204.0,207.98,206.5,1.48,0.7167,50055.15,1039493.862,205.67200000000003,194.0215,208.77599999999998,184.355,0.7462192542965909,-1.982364189829938,5.457166888253058,56.3233604827878,0.007167070217917626,0.5553953980496078,-0.14192590147701956,48784.8355
688017.SH,2026-04-17,206.0,213.74,202.28,213.0,207.98,5.02,2.4137,58150.86,1215355.609,207.47200000000004,195.18900000000002,208.99266666666665,184.83266666666665,1.662759081006243,-1.253339535662702,5.83219723333789,59.59406570391395,0.0241369362438697,0.5477861545769867,-0.12121462166845443,49875.297
688017.SH,2026-04-20,214.33,216.33,209.36,210.77,213.0,-2.23,-1.0469,60970.01,1294017.385,209.03000000000003,196.4265,209.15766666666667,185.28574999999998,2.184005280496649,-0.5658705724308318,5.499751705854962,57.53298533449266,-0.010469483568075089,0.5432761909961289,-0.13041505074676119,51116.164000000004
688017.SH,2026-04-21,212.14,216.25,207.17,213.32,210.77,2.55,1.2098,50921.93,1076902.593,210.314,198.0485,209.038,185.76591666666667,2.7709189093794464,0.10148732393122385,5.338863170896445,59.2677873369938,0.012098495990890523,0.527963661203556,-0.11989438072448222,50303.926
688017.SH,2026-04-22,210.9,220.0,209.6,219.99,213.32,6.67,3.1268,68006.44,1467268.862,213.012,199.9485,209.132,186.31158333333332,3.731253873212097,0.8274406337873985,5.8076264788493965,63.47121646397412,0.0312675792237016,0.5337917053440477,-0.09237560854856008,51475.666
688017.SH,2026-04-23,214.0,214.0,202.34,203.77,219.99,-16.22,-7.3731,98665.06,2047420.122,212.17,200.7385,208.92083333333332,186.6805,3.147228515836389,1.2913982101971966,3.7116606112783845,49.967261662666274,-0.07373062411927811,0.6029842275647063,-0.15929532139615477,53952.512
688017.SH,2026-04-24,202.9,207.99,200.6,205.26,203.77,1.49,0.7312,52989.0,1080785.465,210.622,201.58649999999997,208.7585,187.05466666666663,2.7726533382248135,1.58764923580272,2.370008204844187,50.99862693793927,0.007312165676988558,0.6029446864400263,-0.15314794950078392,54044.5125
688017.SH,2026-04-27,204.53,216.99,204.0,213.8,205.26,8.54,4.1606,71199.88,1512577.757,211.228,202.8935,208.79350000000002,187.50366666666667,3.1288391296889415,1.8958872145799646,2.465903830217954,56.52967469298785,0.041605768293871304,0.6156625240229099,-0.11791401930852374,55625.345499999996
688017.SH,2026-04-28,212.0,217.0,206.21,207.65,213.8,-6.15,-2.8765,60878.67,1278461.707,210.094,203.71300000000002,208.6508333333333,187.88483333333335,2.8816474947427366,2.093039270612519,1.577216448260435,51.97945073147247,-0.028765201122544437,0.6267583453812159,-0.1432873999504909,56603.10650000001
688017.SH,2026-04-29,205.03,216.16,205.0,215.01,207.65,7.36,3.5444,64103.25,1365030.924,209.098,205.10549999999998,208.82766666666666,188.34391666666667,3.2422620543177345,2.3228838273535626,1.8387564539283439,56.49285517599148,0.03544425716349631,0.6276395653321877,-0.1129218582391287,57736.777500000004
688017.SH,2026-04-30,214.1,229.62,214.1,224.12,215.01,9.11,4.237,83440.1,1870403.691,213.16799999999998,206.212,208.87966666666668,188.85125000000002,4.21456962031732,2.701220985946314,3.026697268742012,61.33680974711413,0.042370122319892234,0.5840300693039565,-0.0753362488654179,57287.4875
688017.SH,2026-05-06,228.0,230.5,222.0,226.81,224.12,2.69,1.2002,76554.55,1743944.466,217.478,207.8775,209.1508333333333,189.41216666666665,5.142906663532756,3.1895581214636026,3.9066970841383064,62.65885315965264,0.012002498661431327,0.5561018372722567,-0.06423797343015103,58832.064
688017.SH,2026-05-07,227.56,233.0,224.1,230.48,226.81,3.67,1.6181,68454.59,1572550.583,220.81400000000002,210.0365,209.45116666666667,190.0445,6.104391165612867,3.7725247302934557,4.663732870638823,64.44511756643365,0.016180944402804043,0.5353731477157299,-0.04909646010396895,60016.67100000001
688017.SH,2026-05-08,230.5,270.99,228.58,262.99,230.48,32.51,14.1053,164801.05,4189243.596,231.88199999999998,213.90300000000002,210.01766666666666,190.98191666666665,9.381515591281186,4.894322902491002,8.974385377580369,75.58622952106103,0.141053453661923,0.7007459371382148,0.0,66732.19950000002
688017.SH,2026-05-11,265.86,277.77,260.21,271.0,262.99,8.01,3.0457,147361.75,3983938.651,243.08,217.28050000000002,210.87966666666665,191.89941666666667,12.481125718613555,6.411683465715512,12.138884505796085,77.46026706573147,0.030457431841514948,0.6408851952974243,0.0,70515.94399999999
688017.SH,2026-05-12,269.0,279.5,266.04,273.87,271.0,2.87,1.059,115062.43,3139150.748,253.03000000000003,221.01,211.69433333333333,192.87724999999998,14.996306009616262,8.128607974495663,13.735396070241197,78.10867677219947,0.01059040590405913,0.6272852608739098,0.0,74279.0775
688017.SH,2026-05-13,268.88,282.09,265.0,279.65,273.87,5.78,2.1105,105465.24,2896291.714,263.598,224.79249999999996,212.74666666666664,193.93666666666667,17.2570734055914,9.95430106071481,14.605544689753177,79.39431401242543,0.0211049037864679,0.6269730924125702,0.0,77030.4625
688017.SH,2026-05-14,282.0,282.74,265.0,265.0,279.65,-14.65,-5.2387,121145.25,3302698.977,270.502,227.8935,213.74466666666666,194.89458333333332,17.663007138556623,11.496042276283173,12.333929724546898,68.42551726087149,-0.052386912211693115,0.6697409457079946,-0.052386912211693115,81110.99799999999
688017.SH,2026-05-15,265.5,315.0,262.0,305.5,265.0,40.5,15.283,201244.25,5845814.799,279.004,232.82350000000002,215.21300000000002,196.21608333333333,21.0105277881612,13.39893937865878,15.223176819004838,77.62757165743348,0.15283018867924536,0.8313452359557204,0.0,88961.097
688017.SH,2026-05-18,300.0,331.76,297.36,322.88,305.5,17.38,5.689,166182.45,5302344.777,289.38,238.6425,216.82566666666668,197.67508333333336,24.780231684140176,15.675197839755059,18.210067688770234,80.2831844796429,0.05689034369885437,0.8361093928635677,0.0,94282.5955
688017.SH,2026-05-19,323.0,332.8,315.01,326.17,322.88,3.29,1.019,139023.85,4502086.5,299.84000000000003,244.552,218.44516666666667,199.19491666666667,27.713757737295907,18.08290981926323,19.261695836065357,80.74902280924655,0.010189544103072379,0.8353776534791576,0.0,98731.03050000001
688017.SH,2026-05-20,320.0,325.99,315.45,323.66,326.17,-2.51,-0.7695,103037.01,3312494.511,308.642,250.08499999999998,220.02616666666668,200.68566666666666,29.496050140910256,20.365537883592634,18.261024514635245,79.21140406296364,-0.007695373578195386,0.8429207811545949,-0.007695373578195386,100975.338
688017.SH,2026-05-21,321.0,353.8,320.99,335.0,323.66,11.34,3.5037,184043.28,6231609.815,322.642,256.29650000000004,221.7015,202.25966666666667,31.46091113928719,22.584612534731544,17.752597209111293,80.97411193331548,0.035036766977692535,0.8348110078911587,0.0,107129.00149999998
688017.SH,2026-05-22,335.0,344.2,322.72,342.0,335.0,7.0,2.0896,132328.77,4435173.433,329.942,262.7305,223.36183333333335,203.91066666666666,33.200207805943876,24.707731588974013,16.984952433939725,81.98931978873989,0.020895522388059806,0.8336339603649321,0.0,111199.3435
688017.SH,2026-05-25,338.58,359.8,330.23,349.0,342.0,7.0,2.0468,122539.81,4191484.645,335.166,269.181,225.30016666666668,205.63633333333334,34.74295923644769,26.71477711846875,16.05636423595788,82.96804167750058,0.020467836257309857,0.8334612568373506,0.0,113926.01200000002
688017.SH,2026-05-26,351.3,383.88,325.01,338.47,349.0,-10.53,-3.0172,187238.39,6655744.552,337.62600000000003,275.91600000000005,226.99800000000002,207.26233333333332,34.71573646278034,28.31496898733107,12.801534950898542,76.25509685249816,-0.030171919770773603,0.7777895171728197,-0.030171919770773603,118354.6785
688017.SH,2026-05-27,332.8,341.2,318.8,321.0,338.47,-17.47,-5.1615,174649.5,5763150.591,337.094,281.70300000000003,228.3975,208.72475,32.905168916883895,29.23300897324164,7.344319887284513,66.62387582838056,-0.05161461872544104,0.8240898524114123,-0.08022922636103147,124437.70349999999
688017.SH,2026-05-28,318.02,318.8,301.04,316.13,321.0,-4.87,-1.5171,128467.67,4016887.663,333.32,286.8195,229.79349999999997,210.16158333333334,30.72315538187229,29.531038254967772,2.3842342538090335,64.18998828231008,-0.015171339563862962,0.8324430903965289,-0.09418338108882518,127301.093
688017.SH,2026-05-29,319.99,332.57,302.0,306.0,316.13,-10.13,-3.2044,119840.55,3793203.537,326.12,291.737,231.101,211.5006666666667,27.855388021029967,29.195908208180214,-2.681040374300494,59.3343950157833,-0.032043779457818,0.8351189622822905,-0.12320916905444124,130249.187
688017.SH,2026-06-01,305.0,309.68,287.0,287.3,306.0,-18.7,-6.1111,116903.53,3458758.787,313.78000000000003,295.35150000000004,232.39633333333333,212.6881666666667,23.799383530101863,28.116603272564547,-8.634439484925366,51.5780554576888,-0.061111111111111116,0.8817256337599287,-0.1767908309455587,132889.201
688017.SH,2026-06-02,299.98,318.77,299.98,306.0,287.3,18.7,6.5089,128645.21,3964868.856,307.286,299.44550000000004,233.97633333333334,214.01375000000002,21.842122079601495,26.86170703397194,-10.039169908740888,57.55358013021051,0.06508875739644959,0.8943371377314184,-0.12320916905444124,135149.4565
688017.SH,2026-06-03,304.09,330.58,304.0,314.88,306.0,8.88,2.902,138193.13,4419268.412,306.062,303.849,235.6745,215.38858333333334,20.768118127447565,25.642989252667064,-9.749742250438999,60.07330554715373,0.029019607843137285,0.8950828087925454,-0.0977650429799427,138231.3855
688017.SH,2026-06-04,310.01,340.6,310.0,327.5,314.88,12.62,4.0079,144596.29,4759006.614,308.33599999999996,308.7,237.592,216.9145,20.696711975447215,24.653733797223097,-7.914043643551764,63.398675899468074,0.04007876016260159,0.8984588851763043,-0.06160458452722062,142038.4705
688017.SH,2026-06-05,322.78,393.0,314.9,393.0,327.5,65.5,20.0,223937.59,7928886.998,325.736,315.2005,240.66966666666667,218.97741666666667,25.62997824410286,24.84898268659905,1.561991115007615,75.02511625470508,0.19999999999999996,1.020579368330404,0.0,144995.29750000002
688017.SH,2026-06-08,375.54,450.2,375.45,428.25,393.0,35.25,8.9695,290407.69,11949975.351,353.926,323.063,244.2105,221.26941666666667,32.014959186848955,26.28217798664903,11.465562400399847,78.90811968432713,0.08969465648854968,1.0482809375151716,0.0,152147.5945
688017.SH,2026-06-09,413.0,429.2,393.98,420.17,428.25,-8.08,-1.8867,203291.72,8451108.143,376.76,330.378,247.735,223.45841666666666,36.008035889150335,28.227349567149293,15.561372644002084,75.99158772273366,-0.018867483946293007,1.058844983395619,-0.018867483946293007,156559.059
688017.SH,2026-06-10,412.0,431.31,400.13,424.0,420.17,3.83,0.9115,193172.72,8100965.453,398.584,337.5955,251.3898333333333,225.66741666666667,39.03169386515117,30.38821842674967,17.286950876802997,76.43618092846286,0.009115358069352819,1.060076035983952,-0.009924109748978394,160944.43300000002
688017.SH,2026-06-11,402.1,407.96,362.0,367.0,424.0,-57.0,-13.4434,217755.41,8192869.071,406.48400000000004,342.6955,254.20649999999998,227.41083333333333,36.40884249175974,31.592343239751685,9.632998504016115,58.94226711508843,-0.13443396226415094,1.1716142790141142,-0.14302393461762986,165774.94100000002
688017.SH,2026-06-12,372.18,386.99,348.0,351.0,367.0,-16.0,-4.3597,224884.97,8193027.258,398.084,344.9705,256.78566666666666,229.01691666666665,32.66263309674639,31.80640121115063,1.7124637711915227,55.128172937279864,-0.043596730245231585,1.077517132591153,-0.180385288966725,166956.977
688017.SH,2026-06-15,355.0,373.9,347.98,372.62,351.0,21.62,6.1595,150832.85,5496760.095,386.95799999999997,347.4575,259.8208333333333,230.84008333333333,31.08001738160209,31.661124445240922,-1.1622141272776645,58.98985302114013,0.06159544159544161,1.080411125486167,-0.12990075890251018,166189.497
688017.SH,2026-06-16,371.99,384.97,363.5,376.22,372.62,3.6,0.9661,143780.36,5400290.25,378.168,349.96,262.8445,232.69608333333332,29.773067549148834,31.283513066022508,-3.020891033747347,59.6131203100458,0.009661317159572747,1.0804071385330687,-0.12149445417396376,166427.32249999998
688017.SH,2026-06-17,370.88,384.98,364.47,381.6,376.22,5.38,1.43,130002.67,4896291.507,369.688,352.857,266.0436666666667,234.5955,28.838983577293448,30.7946071682767,-3.911247181966502,60.577377700013706,0.014300143533039211,1.0786384492911247,-0.10893169877408049,167775.6055
688017.SH,2026-06-18,381.6,413.82,375.64,408.01,381.6,26.41,6.9209,192016.16,7694417.272,377.89,356.50750000000005,269.7435,236.7399166666667,29.885282646896258,30.612742264000612,-1.4549192342087096,64.99558698138136,0.06920859538784052,1.0956772957439456,-0.04726211325160534,168174.24949999998
688017.SH,2026-06-22,404.15,415.76,376.33,393.31,408.01,-14.7,-3.6029,194356.79,7681348.253,386.352,359.073,273.284,238.7286666666667,29.191810035936726,30.328555818387837,-2.2734915649022227,60.90410222787982,-0.03602852871253148,1.1081808031050218,-0.08158785755983655,171275.6505
688017.SH,2026-06-23,381.0,394.99,366.15,378.53,393.31,-14.78,-3.7579,127751.93,4857324.844,387.534,360.54949999999997,276.55966666666666,240.61841666666666,27.13678949987508,29.690202554685285,-5.106826109620414,57.0176933165441,-0.03757850041951649,1.119491324302462,-0.1161004086398133,171536.2565
688017.SH,2026-06-24,378.0,394.5,368.0,383.18,378.53,4.65,1.2284,121114.73,4645075.066,388.926,362.78499999999997,279.8131666666667,242.52708333333334,25.58841968387378,28.869845980522985,-6.562852593298409,57.92732437751601,0.01228436319446291,1.1112305458145446,-0.10524226503210743,168230.0735
688017.SH,2026-06-25,380.0,404.0,373.0,391.0,383.18,7.82,2.0408,146611.75,5712242.48,390.806,366.28499999999997,283.19149999999996,244.4575,24.70752117066627,28.037381018551645,-6.659719695770754,59.48035382643968,0.020408163265306145,1.08875261891685,-0.08698190309398712,166828.18600000002
688017.SH,2026-06-26,385.66,396.76,368.95,369.46,391.0,-21.54,-5.509,121304.98,4605056.007,383.096,368.9515,286.2215,246.23341666666664,22.01750072674963,26.833404960191245,-9.631808466883228,53.61018618832193,-0.055089514066496204,1.1109982364849567,-0.13727962638645652,166470.0515
688017.SH,2026-06-29,368.22,371.98,345.0,361.62,369.46,-7.84,-2.122,136530.75,4889780.848,376.758,371.73249999999996,289.06083333333333,247.91566666666665,19.03361005727936,25.27344597960887,-12.479671844659016,51.61356416207488,-0.021220159151193574,1.1062086037257721,-0.15558669001751313,167304.5615
